target,hisco_overlap,evidence,cognitive_score,routine_cognitive_score,routine_manual_score,mechanical_score,routine_overall_score,profile
"FOREWOMEN, BAKERY",1.6459865751790408,0.00414241635371299,1.5638267395192833,0.5814301066916177,0.9064559023298806,0.6431780807811878,0.7027639309800913,High cognitive
PLUMBERS,1.597127065096534,0.0054105778043654,0.886565970087693,0.6989516711114373,1.4984413206889042,0.5671736100331408,0.9871277395892302,High routine manual
"CUTTERS' HELPERS, PAPER AND PAPER PRODUCTS",1.4992238501975035,0.00623042536746383,0.8997904551977132,1.0312153878357453,0.8886138933295493,1.4995947314831837,0.9121762583790493,High mechanical
