k,plate_id,volume,rumsey_cities,n_city_views,q1_more_than_one_city,q2_seen_from_above,q3_not_a_city,view_type,usable_for_house_count,notes,chiara_plate_type,chiara_include,cnn_total,cnn_houses,vit_total,rumsey_date,rumsey_title,file
0,12126006_Vol_I_1_Lisbona_with_Cascale,Vol_I,Lisbon (Portugal); Cascais (Portugal); Belem (Portugal),2,yes,no,no,profile,after cropping,Lisbon and Cascais; both profile views from the water,not_reviewed_assumed_city_view,TRUE,1013,870,928,1575,Vol I (1) Lisbona (with) Cascale.,12126006_Vol_I_1_Lisbona_with_Cascale.jpg
1,12126008_Vol_I_2_Hispalis_Sevilla_Taraphae_celebre_et_pervetus_tum_in,Vol_I,"Seville, Spain; Cadiz (Spain); Malaga (Spain)",3,yes,no,no,profile,after cropping,"Seville, Cadiz, Malaga; three stacked profile views",multi_city_plate,TRUE,449,357,404,1575,"Vol I (2) Hispalis, Sevilla Taraphae, celebre et pervetus tum in Hispania...; Cadiz, olim Gades... ; Malaga, Masace maritimum Hispaniae Boeticae oppidum",12126008_Vol_I_2_Hispalis_Sevilla_Taraphae_celebre_et_pervetus_tum_in.jpg
2,12126010_Vol_I_3_Toletum_Vallisoletum,Vol_I,Toledo (Spain); Valladolid (Spain),2,yes,partly,no,mixed,after cropping,Toledo bird's-eye; Valladolid profile,multi_city_plate,TRUE,1739,1604,1947,1623,Vol I (3) Toletum. Vallisoletum.,12126010_Vol_I_3_Toletum_Vallisoletum.jpg
3,12126012_Vol_I_4_Granada_1563,Vol_I,Granada (Spain),1,no,no,no,landscape,no,Granada as distant landscape,distant_city_view,TRUE,563,476,548,1623,Vol I (4) Granada. 1563.,12126012_Vol_I_4_Granada_1563.jpg
4,12126014_Vol_I_5_Barcelona_Eciia,Vol_I,"Barcelona (Spain); Seville, Spain",2,yes,partly,no,mixed,after cropping,Barcelona bird's-eye; Ecija profile,not_reviewed_assumed_city_view,TRUE,1003,853,1090,1575,Vol I (5) Barcelona. Eciia.,12126014_Vol_I_5_Barcelona_Eciia.jpg
5,12126016_Vol_I_6_Burgos_Sanct_Sebastianum,Vol_I,Burgos (Spain); San Sebastian (Spain),2,yes,no,no,landscape,after cropping,Burgos and San Sebastian; distant landscape views,not_reviewed_assumed_city_view,TRUE,527,451,575,1575,Vol I (6) Burgos. Sanct. Sebastianum.,12126016_Vol_I_6_Burgos_Sanct_Sebastianum.jpg
6,12126018_Vol_I_7_Lutetia_vulgari_nomine_Paris,Vol_I,Paris (France),1,no,yes,no,plan_birdseye,yes,Paris,not_reviewed_assumed_city_view,TRUE,4428,4202,4492,1575,"Vol I (7) Lutetia, vulgari nomine Paris.",12126018_Vol_I_7_Lutetia_vulgari_nomine_Paris.jpg
7,12126020_Vol_I_8_Monspessulanus_Turo_Pictauis,Vol_I,Montpellier (France); Tours (France); Poitiers (France),3,yes,yes,no,plan_birdseye,after cropping,"Montpellier, Tours, Poitiers; three small bird's-eye panels",not_reviewed_assumed_city_view,TRUE,1448,1188,1448,1612,"Vol I (8) Monspessulanus, Turo, Pictauis.",12126020_Vol_I_8_Monspessulanus_Turo_Pictauis.jpg
8,12126022_Vol_I_9_Rotomagvs_vulgo_Roan_Normandae_Metropolis_Nemavsus_N,Vol_I,Rouen (France); Nimes (France); Bordeaux (France),3,yes,yes,no,plan_birdseye,after cropping,"Rouen, Nimes, Bordeaux; three small bird's-eye panels",not_reviewed_assumed_city_view,TRUE,2145,1924,2186,1575,"Vol I (9) Rotomagvs, vulgo Roan Normandae Metropolis. Nemavsus, Nismes, civitas narbonensis galliae vetustissima. Civitatis Bvrdegalensis in qvitanea genvina descript",12126022_Vol_I_9_Rotomagvs_vulgo_Roan_Normandae_Metropolis_Nemavsus_N.jpg
9,12126024_Vol_I_10_Lugdunum_Lyon,Vol_I,Lyon (France),1,no,yes,no,plan_birdseye,yes,Lyon,not_reviewed_assumed_city_view,TRUE,3266,2954,3235,1575,Vol I (10) Lugdunum. Lyon.,12126024_Vol_I_10_Lugdunum_Lyon.jpg
10,12126026_Vol_I_11_Leodium_Liege,Vol_I,Liege (France),1,no,partly,no,oblique_distant,with caution,Liege; elevated but distant,not_reviewed_assumed_city_view,TRUE,808,718,809,1575,Vol I (11) Leodium. Liege.,12126026_Vol_I_11_Leodium_Liege.jpg
11,12126028_Vol_I_12_Aquisgranum_vulgo_Aich,Vol_I,Aachen (Germany),1,no,yes,no,plan_birdseye,yes,Aachen,not_reviewed_assumed_city_view,TRUE,1394,1258,1546,1577,"Vol I (12) Aquisgranum, vulgo Aich",12126028_Vol_I_12_Aquisgranum_vulgo_Aich.jpg
12,12126030_Vol_I_13_Mons_Arras,Vol_I,Mons (France); Arras (France),2,yes,no,no,profile,after cropping,Mons and Arras; profiles,not_reviewed_assumed_city_view,TRUE,602,533,550,1575,Vol I (13) Mons. Arras.,12126030_Vol_I_13_Mons_Arras.jpg
13,12126032_Vol_I_14_Bruxella_Brussels,Vol_I,Brussels (Belgium),1,no,yes,no,plan_birdseye,yes,Brussels,not_reviewed_assumed_city_view,TRUE,2955,2833,2977,1575,Vol I (14) Bruxella. (Brussels),12126032_Vol_I_14_Bruxella_Brussels.jpg
14,12126034_Vol_I_15_Gandavum_Gent,Vol_I,Ghent (Belgium),1,no,yes,no,plan_birdseye,yes,Gent,not_reviewed_assumed_city_view,TRUE,2688,2609,2567,1575,Vol I (15) Gandavum. (Gent),12126034_Vol_I_15_Gandavum_Gent.jpg
15,12126036_Vol_I_16_Brugae_Flandricarum_Brugge,Vol_I,Brugge (Belgium),1,no,yes,no,plan_birdseye,yes,Bruges,not_reviewed_assumed_city_view,TRUE,2398,2198,2738,1612,Vol I (16) Brugae Flandricarum (Brugge),12126036_Vol_I_16_Brugae_Flandricarum_Brugge.jpg
16,12126038_Vol_I_17_Anverpia_Antwerp,Vol_I,Antwerp (Belgium),1,no,yes,no,plan_birdseye,yes,Antwerp,detailed_city_view,TRUE,2506,2379,2139,1575,Vol I (17) Anverpia. (Antwerp),12126038_Vol_I_17_Anverpia_Antwerp.jpg
17,12126040_Vol_I_18_Tschertogenbosch_Loeven_Machelen,Vol_I,Hertogenbosch (Netherlands); Leuven (Belgium); Mechelen (Belgium),3,yes,no,no,profile,after cropping,"'s-Hertogenbosch, Leuven, Mechelen; profiles",not_reviewed_assumed_city_view,TRUE,1216,963,1124,1593,Vol I (18) Tschertogenbosch. Loeven. Machelen.,12126040_Vol_I_18_Tschertogenbosch_Loeven_Machelen.jpg
18,12126042_Vol_I_19_Traiectum_Utrecht,Vol_I,Utrecht (Netherlands),1,no,yes,no,plan_birdseye,yes,Utrecht,not_reviewed_assumed_city_view,TRUE,2222,2051,2464,1575,Vol I (19) Traiectum (Utrecht),12126042_Vol_I_19_Traiectum_Utrecht.jpg
19,12126044_Vol_I_20_Amstelredamum_Amsterdam,Vol_I,Amsterdam (Netherlands),1,no,yes,no,plan_birdseye,yes,Amsterdam,detailed_city_view,TRUE,3482,3262,3901,1575,Vol I (20) Amstelredamum. (Amsterdam),12126044_Vol_I_20_Amstelredamum_Amsterdam.jpg
20,12126046_Vol_I_21_Groeninga_Broveravia_Goricum,Vol_I,Groningen (Netherlands); Brouwershaven (Netherlands); Gorinchem (Netherlands),3,yes,no,no,profile,after cropping,"Groningen, Brouwershaven, Gorinchem; profiles",not_reviewed_assumed_city_view,TRUE,574,451,579,1577,Vol I (21) Groeninga. Broveravia. Goricum.,12126046_Vol_I_21_Groeninga_Broveravia_Goricum.jpg
21,12126048_Vol_I_22_Monasterium_Munster_Osnabrugum_Osnabruck_Wesalia_In,Vol_I,Munster (Germany); Osnabruck (Germany); Wesel (Germany),3,yes,no,no,profile,after cropping,"Munster, Osnabruck, Wesel; profiles",not_reviewed_assumed_city_view,TRUE,701,504,852,1575,Vol I (22) Monasterium (Munster). Osnabrugum (Osnabruck). Wesalia Inferior (Wesel).,12126048_Vol_I_22_Monasterium_Munster_Osnabrugum_Osnabruck_Wesalia_In.jpg
22,12126050_Vol_I_23_Brunopolis_Braunschweig_Luneburgum_Luneburg_Brema_B,Vol_I,Braunschweig (Germany); Lueneburg (Germany); Bremen (Germany); Oldenburg (Germany),4,yes,no,no,profile,after cropping,"Braunschweig, Luneburg, Bremen, Oldenburg; profiles",not_reviewed_assumed_city_view,TRUE,726,525,789,1575,Vol I (23) Brunopolis (Braunschweig). Luneburgum (Luneburg). Brema (Bremen). Aldenburgum Holsatiae (Oldenburg/Holstein).,12126050_Vol_I_23_Brunopolis_Braunschweig_Luneburgum_Luneburg_Brema_B.jpg
23,12126052_Vol_I_24_Lubec_Hamburch_Ein_Vornemliche_Hanse_Stat,Vol_I,Luebeck (Germany); Hamburg (Germany),2,yes,no,no,profile,after cropping,Lubeck and Hamburg; profiles,not_reviewed_assumed_city_view,TRUE,805,669,898,1575,Vol I (24) Lubec. Hamburch Ein Vornemliche Hanse Stat.,12126052_Vol_I_24_Lubec_Hamburch_Ein_Vornemliche_Hanse_Stat.jpg
24,12126054_Vol_I_25_Weimaria_Iena_Erdforda_Gotha_Fuldensis_Civitatis,Vol_I,"Weimar (Thuringia, Germany); Jena (Germany); Erfurt (Germany); Gotha (Germany); Fulda (Germany)",5,yes,partly,no,mixed,after cropping,"Weimar, Jena, Erfurt, Gotha, Fulda; mostly profiles, small panels",not_reviewed_assumed_city_view,TRUE,1260,1039,1227,1612,Vol I (25) Weimaria. Iena. Erdforda. Gotha. Fuldensis Civitatis.,12126054_Vol_I_25_Weimaria_Iena_Erdforda_Gotha_Fuldensis_Civitatis.jpg
25,12126056_Vol_I_26_Marpurg_Casel,Vol_I,Marburg (Germany); Kassel (Germany),2,yes,partly,no,oblique_distant,after cropping,Marburg and Kassel,not_reviewed_assumed_city_view,TRUE,707,595,769,1620,Vol I (26) Marpurg. Casel.,12126056_Vol_I_26_Marpurg_Casel.jpg
26,12126058_Vol_I_27_Wittenburga_Civitates_Francfordiensis_Wismaria_Rost,Vol_I,Wittenburg (Germany); Frankfurt/Oder (Germany); Wismar (Germany); Rostock (Germany),4,yes,partly,no,mixed,after cropping,"Wittenberg, Frankfurt/Oder, Wismar, Rostock; small panels",multi_city_plate,TRUE,613,434,622,1612,Vol I (27) Wittenburga. Civitates Francfordiensis. Wismaria. Rostochium.,12126058_Vol_I_27_Wittenburga_Civitates_Francfordiensis_Wismaria_Rost.jpg
27,12126060_Vol_I_28_Dresden_Leibzigk,Vol_I,Dresden (Germany); Leipzig (Germany),2,yes,no,no,profile,after cropping,Dresden and Leipzig; profiles,not_reviewed_assumed_city_view,TRUE,390,312,429,1575,Vol I (28) Dresden. Leibzigk.,12126060_Vol_I_28_Dresden_Leibzigk.jpg
28,12126062_Vol_I_29_Praga_Egra,Vol_I,Prague (Czech Republic); Cheb (Czech Republic),2,yes,partly,no,mixed,after cropping,Prague distant bird's-eye; Eger (Cheb) profile,not_reviewed_assumed_city_view,TRUE,1146,988,1074,1575,Vol I (29) Praga. Egra.,12126062_Vol_I_29_Praga_Egra.jpg
29,12126064_Vol_I_30_Magdeburgum,Vol_I,Magdeburg (Germany),1,no,yes,no,plan_birdseye,yes,Magdeburg,not_reviewed_assumed_city_view,TRUE,1780,1604,1694,1612,Vol I (30) Magdeburgum.,12126064_Vol_I_30_Magdeburgum.jpg
30,12126066_Vol_I_31_Nurnberg_Ulm_Urbis_Salisburgensis_Lindaw,Vol_I,Nuremberg (Germany); Ulm (Germany); Salzburg (Austria); Lindau (Germany),4,yes,partly,no,mixed,after cropping,"Nurnberg profile, Ulm profile, Salzburg and Lindau small bird's-eye",multi_city_plate,TRUE,1070,812,1113,1612,Vol I (31) Nurnberg. Ulm. Urbis Salisburgensis. Lindaw.,12126066_Vol_I_31_Nurnberg_Ulm_Urbis_Salisburgensis_Lindaw.jpg
31,12126068_Vol_I_32_Decem_Et_Tria_Loca_Confoederatorum_Helvetiae_Schwyz,Vol_I,Basel (Switzerland); Zurich (Switzerland); Bern (Switzerland); Lucerne (Switzerland); Zug (Switzerland),13,yes,partly,no,plan_birdseye,after cropping,Thirteen Swiss confederate places in tiny panels,not_reviewed_assumed_city_view,TRUE,1598,1456,1160,1575,"Vol I (32) Decem Et Tria Loca Confoederatorum Helvetiae : Schwyz, Underwalden, Zug, Glaris, Basell, Zurich, Bern, Lucern, Uri, Fryburg, Solothurn, Schaffhausen, Appenzell.",12126068_Vol_I_32_Decem_Et_Tria_Loca_Confoederatorum_Helvetiae_Schwyz.jpg
32,12126070_Vol_I_33_Argentoratum_Strasbourg,Vol_I,Strasbourg (France),1,no,yes,no,plan_birdseye,yes,Strasbourg,not_reviewed_assumed_city_view,TRUE,2987,2807,3059,1575,Vol I (33) Argentoratum (Strasbourg),12126070_Vol_I_33_Argentoratum_Strasbourg.jpg
33,12126072_Vol_I_34_Heidelberga_Spira_Wormatia,Vol_I,Heidelberg (Germany); Speyer (Germany); Worms (Germany),3,yes,no,no,profile,after cropping,"Heidelberg, Speyer, Worms; profiles",not_reviewed_assumed_city_view,TRUE,798,652,871,1575,Vol I (34) Heidelberga. Spira. Wormatia.,12126072_Vol_I_34_Heidelberga_Spira_Wormatia.jpg
34,12126074_Vol_I_35_Civitas_Francofordiana_Ad_Mo_Frankfurt,Vol_I,Frankfurt (Germany),1,no,yes,no,plan_birdseye,yes,Frankfurt am Main,not_reviewed_assumed_city_view,TRUE,1939,1730,2117,1575,Vol I (35) Civitas Francofordiana Ad Mo (Frankfurt),12126074_Vol_I_35_Civitas_Francofordiana_Ad_Mo_Frankfurt.jpg
35,12126076_Vol_I_36_Treveris_Trier_Cobolentz_Koblenz_Rotenburg_Rothenbu,Vol_I,Trier (Germany); Koblenz (Germany); Rothenburg (Germany),3,yes,partly,no,mixed,after cropping,Trier distant bird's-eye; Koblenz and Rothenburg profiles,not_reviewed_assumed_city_view,TRUE,960,778,954,1575,Vol I (36) Treveris (Trier). Cobolentz. (Koblenz). Rotenburg (Rothenburg).,12126076_Vol_I_36_Treveris_Trier_Cobolentz_Koblenz_Rotenburg_Rothenbu.jpg
36,12126078_Vol_I_37_Mens_Mainz_Wurtzburg_Wurzburg_Sitten_Sion,Vol_I,Mainz (Germany); Wurtzburg (Germany); Sion (Switzerland),3,yes,partly,no,mixed,after cropping,Mainz profile; Wurzburg and a third town small bird's-eye,not_reviewed_assumed_city_view,TRUE,1110,920,1066,1575,Vol I (37) Mens (Mainz). Wurtzburg (Wurzburg). Sitten (Sion).,12126078_Vol_I_37_Mens_Mainz_Wurtzburg_Wurzburg_Sitten_Sion.jpg
37,12126080_Vol_I_38_Colonia_Agrippina_Cologne,Vol_I,Cologne (Germany),1,no,yes,no,plan_birdseye,yes,Cologne,not_reviewed_assumed_city_view,TRUE,3784,3572,3671,1575,Vol I (38) Colonia Agrippina (Cologne),12126080_Vol_I_38_Colonia_Agrippina_Cologne.jpg
38,12126082_Vol_I_39_Augusta_Augsburg,Vol_I,Augsburg (Germany),1,no,yes,no,plan_birdseye,yes,Augsburg,not_reviewed_assumed_city_view,TRUE,2295,2063,2503,1575,Vol I (39) Augusta (Augsburg),12126082_Vol_I_39_Augusta_Augsburg.jpg
39,12126084_Vol_I_40_Monacum_Munchen_Ingostadium_Ingolstadt_Frisingensis,Vol_I,Munich (Germany); Ingolstadt (German); Freising (Germany); Nordligen (Germany); Regensburg (Germany),6,yes,no,no,profile,after cropping,"Munich, Ingolstadt, Freising, Nordlingen, Regensburg, Straubing; six profile panels",not_reviewed_assumed_city_view,TRUE,1011,816,1068,1577,Vol I (40) Monacum (Munchen). Ingostadium (Ingolstadt). Frisingensis (Freising). Nordlinga (Nordligen). Ratispona (Regensburg). Stravbinga (Straubing).,12126084_Vol_I_40_Monacum_Munchen_Ingostadium_Ingolstadt_Frisingensis.jpg
40,12126086_Vol_I_41_Vienna_Buda_Budapest,Vol_I,Vienna (Austria); Budapest (Hungary),2,yes,no,no,profile,after cropping,Vienna and Buda; profiles,not_reviewed_assumed_city_view,TRUE,407,317,527,1600,Vol I (41) Vienna. Buda (Budapest).,12126086_Vol_I_41_Vienna_Buda_Budapest.jpg
41,12126088_Vol_I_42_Mediolanum_Milan,Vol_I,Milan (Italy),1,no,yes,no,plan_birdseye,yes,Milan,not_reviewed_assumed_city_view,TRUE,1907,1625,2317,1575,Vol I (42) Mediolanum (Milan).,12126088_Vol_I_42_Mediolanum_Milan.jpg
42,12126090_Vol_I_43_Venetia_Venice,Vol_I,Venice (Italy),1,no,yes,no,plan_birdseye,yes,Venice,not_reviewed_assumed_city_view,TRUE,2041,1865,1940,1575,Vol I (43) Venetia (Venice).,12126090_Vol_I_43_Venetia_Venice.jpg
43,12126092_Vol_I_44_Genva_Genoa_Florentia_Florence,Vol_I,Genoa (Italy); Florence (Italy),2,yes,partly,no,mixed,after cropping,Genoa oblique profile; Florence bird's-eye,not_reviewed_assumed_city_view,TRUE,1550,1395,1539,1575,Vol I (44) Genva (Genoa). Florentia (Florence).,12126092_Vol_I_44_Genva_Genoa_Florentia_Florence.jpg
44,12126094_Vol_I_45_Roma,Vol_I,Rome (Italy),1,no,yes,no,plan_birdseye,yes,Rome,distant_city_view,TRUE,1919,1681,2207,1575,Vol I (45) Roma.,12126094_Vol_I_45_Roma.jpg
45,12126096_Vol_I_46_Ancona,Vol_I,Ancona (Italy),1,no,yes,no,plan_birdseye,yes,Ancona,not_reviewed_assumed_city_view,TRUE,1463,1355,1364,1575,Vol I (46) Ancona.,12126096_Vol_I_46_Ancona.jpg
46,12126098_Vol_I_47_Neapolis_Naples,Vol_I,Naples (Italy),1,no,yes,no,plan_birdseye,yes,Naples,detailed_city_view,TRUE,2121,1938,2143,1575,Vol I (47) Neapolis (Naples),12126098_Vol_I_47_Neapolis_Naples.jpg
47,12126100_Vol_I_48_Parma_Sena_Siena_Palermo_Drepanum_Trapani,Vol_I,"Parma (Italy); Siena (Italy); Palermo (Sicily, Italy); Trapani (Sicily, Italy)",4,yes,partly,no,mixed,after cropping,Parma and Siena small bird's-eye; Palermo and Trapani profiles,not_reviewed_assumed_city_view,TRUE,884,737,994,1575,Vol I (48) Parma. Sena (Siena). Palermo. Drepanum (Trapani).,12126100_Vol_I_48_Parma_Sena_Siena_Palermo_Drepanum_Trapani.jpg
48,12126102_Vol_I_49_Messana_Messina,Vol_I,"Messina (Sicily, Italy)",1,no,yes,no,plan_birdseye,yes,Messina,detailed_city_view,TRUE,1700,1563,1389,1575,Vol I (49) Messana (Messina).,12126102_Vol_I_49_Messana_Messina.jpg
49,12126104_Vol_I_50_Calaris_Cagliari_Malta_Valletta_Rhodus_Rodhos_Famau,Vol_I,"Cagliari (Sardinia, Italy); Valletta (Malta); Rodhos (Rhodes, Greece); Famagusta (Cyprus)",4,yes,partly,no,plan_birdseye,after cropping,"Cagliari, Malta, Rhodes, Famagusta; small panels",not_reviewed_assumed_city_view,TRUE,1044,839,1066,1575,Vol I (50) Calaris (Cagliari). Malta (Valletta). Rhodus (Rodhos). Famaugus (Famagusta).,12126104_Vol_I_50_Calaris_Cagliari_Malta_Valletta_Rhodus_Rodhos_Famau.jpg
50,12126106_Vol_I_51_Byzantium_Nunc_Constantinopolis_Istanbul,Vol_I,Istanbul (Turkey),1,no,yes,no,plan_birdseye,yes,Constantinople,not_reviewed_assumed_city_view,TRUE,2276,1839,2251,1575,Vol I (51) Byzantium Nunc Constantinopolis (Istanbul).,12126106_Vol_I_51_Byzantium_Nunc_Constantinopolis_Istanbul.jpg
51,12126108_Vol_I_52_Hierosolymorum_Jerusalem,Vol_I,Jerusalem (Israel),1,no,yes,no,plan_birdseye,yes,Jerusalem; contemporary-style bird's-eye with wide surroundings,not_reviewed_assumed_city_view,TRUE,998,790,1071,1575,Vol I (52) Hierosolymorum (Jerusalem).,12126108_Vol_I_52_Hierosolymorum_Jerusalem.jpg
52,12126110_Vol_I_53_Aden_Mombaza_Mombasa_Quiloa_Kilwa_Kisiwani_Cefala_S,Vol_I,Aden (Yemen); Mombasa (Kenya).; Kilwa Kisiwani (Tanzania); Sofala (Mozambique),4,yes,partly,no,mixed,after cropping,"Aden bird's-eye; Mombasa, Kilwa, Sofala tiny panels",not_reviewed_assumed_city_view,TRUE,410,251,555,1575,Vol I (53) Aden. Mombaza (Mombasa). Quiloa (Kilwa Kisiwani). Cefala (Sofala).,12126110_Vol_I_53_Aden_Mombaza_Mombasa_Quiloa_Kilwa_Kisiwani_Cefala_S.jpg
53,12126112_Vol_I_54_Calechut_Calicut_Ormus_Hormuz_Canonor_Kannur_S_Geor,Vol_I,Calicut (India); Hormuz (Iran); Kannur (india); Elmina (Ghana),4,yes,no,no,profile,after cropping,"Calicut, Hormuz, Cannanore, Elmina; profiles",not_reviewed_assumed_city_view,TRUE,426,324,434,1575,Vol I (54) Calechut (Calicut). Ormus (Hormuz). Canonor (Kannur). S. Georgii (Elmina).,12126112_Vol_I_54_Calechut_Calicut_Ormus_Hormuz_Canonor_Kannur_S_Geor.jpg
54,12126114_Vol_I_55_Cairus_Cairo,Vol_I,Cairo (Egypt),1,no,partly,no,oblique_distant,with caution,Cairo; distant bird's-eye,not_reviewed_assumed_city_view,TRUE,1750,1649,2460,1575,Vol I (55) Cairus (Cairo),12126114_Vol_I_55_Cairus_Cairo.jpg
55,12126116_Vol_I_56_Tingis_Tangier_Tzaffin_Safi_Septa_Ceuta_Arzilla_Asi,Vol_I,Tangier (Morocco); Safi (Morocco); Ceuta (Spain); Asilah (Morocco); Sale (Morocco),5,yes,partly,no,plan_birdseye,after cropping,"Tangier, Safi, Ceuta, Arzila, Sale; small panels",not_reviewed_assumed_city_view,TRUE,462,337,482,1575,Vol I (56) Tingis (Tangier). Tzaffin (Safi). Septa (Ceuta). Arzilla (Asilah). Sala (Sale).,12126116_Vol_I_56_Tingis_Tangier_Tzaffin_Safi_Septa_Ceuta_Arzilla_Asi.jpg
56,12126118_Vol_I_57_Anfa_Casablanca_Azaamurum_Azemmour_Div_Diu_Goa,Vol_I,Casablanca (Morocco); Azemmour (Morocco); Diu (India); Goa (India),4,yes,partly,no,mixed,after cropping,"Casablanca, Azemmour profiles; Diu, Goa oblique",not_reviewed_assumed_city_view,TRUE,454,267,579,1575,Vol I (57) Anfa (Casablanca). Azaamurum (Azemmour). Div (Diu). Goa.,12126118_Vol_I_57_Anfa_Casablanca_Azaamurum_Azemmour_Div_Diu_Goa.jpg
57,12126120_Vol_I_58_Mexico_Cusco_Cuzco,Vol_I,Mexico City (Mexico); Cuzco (Peru),2,yes,partly,no,plan_birdseye,after cropping,Mexico and Cusco; schematic plans,not_reviewed_assumed_city_view,TRUE,747,627,699,1575,Vol I (58) Mexico. Cusco (Cuzco).,12126120_Vol_I_58_Mexico_Cusco_Cuzco.jpg
58,12126127_Vol_II_1_Cantebrigia_Cambridge,Vol_II,Cambridge (England),1,no,yes,no,plan_birdseye,yes,Cambridge,not_reviewed_assumed_city_view,TRUE,665,514,716,1575,Vol II (1) Cantebrigia (Cambridge).,12126127_Vol_II_1_Cantebrigia_Cambridge.jpg
59,12126129_Vol_II_2_Oxonium_Oxford_Vindesorium_Windsor,Vol_II,Oxford (England); Windsor (England),2,yes,no,no,landscape,after cropping,Oxford and Windsor; landscape views,not_reviewed_assumed_city_view,TRUE,216,137,237,1612,Vol II (2) Oxonium (Oxford). Vindesorium (Windsor).,12126129_Vol_II_2_Oxonium_Oxford_Vindesorium_Windsor.jpg
60,12126131_Vol_II_3_Alhama_Alhama_de_Granada_Spain,Vol_II,Alhama de Granada (Spain),1,no,no,no,landscape,no,Alhama; town small in mountain landscape,not_reviewed_assumed_city_view,TRUE,406,305,440,1575,"Vol II (3) Alhama (Alhama de Granada, Spain)",12126131_Vol_II_3_Alhama_Alhama_de_Granada_Spain.jpg
61,12126133_Vol_II_4_Antequera,Vol_II,Antequera (Spain),1,no,no,no,landscape,no,Antequera; distant landscape,not_reviewed_assumed_city_view,TRUE,696,638,807,1575,Vol II (4) Antequera,12126133_Vol_II_4_Antequera.jpg
62,12126135_Vol_II_5_Vegel_Vejer_Vellis_Malaga_Velez,Vol_II,Vejer de la Frontera (Spain); Velez Malaga (Spain),2,yes,no,no,landscape,after cropping,Vejer and Velez-Malaga; landscape,not_reviewed_assumed_city_view,TRUE,170,128,208,1575,Vol II (5) Vegel (Vejer). Vellis Malaga (Velez).,12126135_Vol_II_5_Vegel_Vejer_Vellis_Malaga_Velez.jpg
63,12126137_Vol_II_6_Conil_Xeres_De_La_Frontera_Jerez_de_la_Frontera,Vol_II,Conil (Spain); Jerez de la Frontera (Spain),2,yes,no,no,landscape,after cropping,Conil and Jerez; landscape with tuna-fishing scene,not_reviewed_assumed_city_view,TRUE,358,285,362,1575,Vol II (6) Conil. Xeres De La Frontera (Jerez de la Frontera),12126137_Vol_II_6_Conil_Xeres_De_La_Frontera_Jerez_de_la_Frontera.jpg
64,12126139_Vol_II_7_Loxa_Loja,Vol_II,Loja (Spain),1,no,no,no,landscape,no,Loja; landscape,not_reviewed_assumed_city_view,TRUE,462,406,483,1575,Vol II (7) Loxa (Loja).,12126139_Vol_II_7_Loxa_Loja.jpg
65,12126141_Vol_II_8_Bilvao_Bilbao,Vol_II,Bilbao (Spain),1,no,no,no,landscape,no,Bilbao; distant landscape,not_reviewed_assumed_city_view,TRUE,381,304,392,1575,Vol II (8) Bilvao (Bilbao).,12126141_Vol_II_8_Bilvao_Bilbao.jpg
66,12126143_Vol_II_9_Santander,Vol_II,Santander (Spain),1,no,partly,no,oblique_distant,with caution,Santander; distant bird's-eye,not_reviewed_assumed_city_view,TRUE,125,77,144,1575,Vol II (9) Santander.,12126143_Vol_II_9_Santander.jpg
67,12126145_Vol_II_10_Orleans_Bourges,Vol_II,Orleans (France); Bourges (France),2,yes,no,no,profile,after cropping,Orleans and Bourges; profiles,not_reviewed_assumed_city_view,TRUE,472,380,474,1575,Vol II (10) Orleans. Bourges.,12126145_Vol_II_10_Orleans_Bourges.jpg
68,12126147_Vol_II_11_Rochella_La_Rochelle,Vol_II,La Rochelle (France),1,no,yes,no,plan_birdseye,yes,La Rochelle,not_reviewed_assumed_city_view,TRUE,700,592,817,1575,Vol II (11) Rochella (La Rochelle).,12126147_Vol_II_11_Rochella_La_Rochelle.jpg
69,12126149_Vol_II_12_Marseille,Vol_II,Marseille (France),1,no,yes,no,plan_birdseye,yes,Marseille,not_reviewed_assumed_city_view,TRUE,1229,1149,1123,1575,Vol II (12) Marseille.,12126149_Vol_II_12_Marseille.jpg
70,12126151_Vol_II_13_Avignon,Vol_II,Avignon (France),1,no,yes,no,plan_birdseye,yes,Avignon,not_reviewed_assumed_city_view,TRUE,1500,1322,1810,1575,Vol II (13) Avignon.,12126151_Vol_II_13_Avignon.jpg
71,12126153_Vol_II_14_Bloys_Blois,Vol_II,Blois (France),1,no,yes,no,plan_birdseye,yes,Blois,not_reviewed_assumed_city_view,TRUE,1124,999,1255,1575,Vol II (14) Bloys (Blois).,12126153_Vol_II_14_Bloys_Blois.jpg
72,12126155_Vol_II_15_Mets_Metz,Vol_II,Metz (France),1,no,yes,no,plan_birdseye,yes,Metz,not_reviewed_assumed_city_view,TRUE,2224,2039,2146,1575,Vol II (15) Mets (Metz).,12126155_Vol_II_15_Mets_Metz.jpg
73,12126157_Vol_II_16_Vesontio_Besancon,Vol_II,Besancon (France),1,no,yes,no,plan_birdseye,yes,Besancon; high oblique,not_reviewed_assumed_city_view,TRUE,1269,1096,1509,1575,Vol II (16) Vesontio (Besancon).,12126157_Vol_II_16_Vesontio_Besancon.jpg
74,12126159_Vol_II_17_Blanmont_Blamont,Vol_II,Blamont (France),1,no,no,no,landscape,no,Blamont; small town in landscape,not_reviewed_assumed_city_view,TRUE,165,119,206,1575,Vol II (17) Blanmont (Blamont).,12126159_Vol_II_17_Blanmont_Blamont.jpg
75,12126161_Vol_II_18_Lympurch_Limbourg,Vol_II,Limbourg (Belgium),1,no,no,no,landscape,no,Limbourg; landscape,not_reviewed_assumed_city_view,TRUE,297,231,294,1575,Vol II (18) Lympurch (Limbourg).,12126161_Vol_II_18_Lympurch_Limbourg.jpg
76,12126163_Vol_II_19_Huum_Huy,Vol_II,Huy (Belgium),1,no,partly,no,oblique_distant,with caution,Huy,not_reviewed_assumed_city_view,TRUE,312,216,327,1575,Vol II (19) Huum (Huy).,12126163_Vol_II_19_Huum_Huy.jpg
77,12126165_Vol_II_20_Namurcum_Namur,Vol_II,Namur (Belgium),1,no,partly,no,oblique_distant,with caution,Namur; high but distant,detailed_city_view,TRUE,536,404,547,1575,Vol II (20) Namurcum (Namur).,12126165_Vol_II_20_Namurcum_Namur.jpg
78,12126167_Vol_II_21_Traiectum_Maastricht,Vol_II,Maastricht (Netherlands),1,no,partly,no,oblique_distant,with caution,Maastricht; distant oblique across the river,distant_city_view,TRUE,521,386,682,1575,Vol II (21) Traiectum (Maastricht).,12126167_Vol_II_21_Traiectum_Maastricht.jpg
79,12126169_Vol_II_22_Hypra_Ypres,Vol_II,Ypres (Belgium),1,no,yes,no,plan_birdseye,yes,Ypres,not_reviewed_assumed_city_view,TRUE,2101,2030,2039,1575,Vol II (22) Hypra (Ypres).,12126169_Vol_II_22_Hypra_Ypres.jpg
80,12126171_Vol_II_23_Duynkercke_Dunkirk_Grevelinge_Gravelines_Borborch_,Vol_II,Dunkirk (France); Gravelines (France); Bourbourg (France),3,yes,partly,no,mixed,after cropping,Dunkirk profile; Gravelines plan; Bourbourg bird's-eye,not_reviewed_assumed_city_view,TRUE,315,230,364,1575,Vol II (23) Duynkercke (Dunkirk). Grevelinge (Gravelines). Borborch (Bourbourg).,12126171_Vol_II_23_Duynkercke_Dunkirk_Grevelinge_Gravelines_Borborch_.jpg
81,12126173_Vol_II_24_Dordracum_Dordrecht,Vol_II,Dordrecht (Netherlands),1,no,no,no,profile,no,Dordrecht; river profile,distant_city_view,TRUE,244,177,294,1575,Vol II (24) Dordracum (Dordrecht).,12126173_Vol_II_24_Dordracum_Dordrecht.jpg
82,12126175_Vol_II_25_Leyden_Leiden,Vol_II,Leiden (Netherlands),1,no,yes,no,plan_birdseye,yes,Leiden; city small within a large surrounding map,not_reviewed_assumed_city_view,TRUE,1245,1181,1064,1593,Vol II (25) Leyden (Leiden),12126175_Vol_II_25_Leyden_Leiden.jpg
83,12126177_Vol_II_26_Harlemum_Haarlem,Vol_II,Haarlem (Netherlands),1,no,yes,no,plan_birdseye,yes,Haarlem,not_reviewed_assumed_city_view,TRUE,1334,1216,1551,1575,Vol II (26) Harlemum (Haarlem),12126177_Vol_II_26_Harlemum_Haarlem.jpg
84,12126179_Vol_II_27_Brilium_Brielle,Vol_II,Brielle (Netherlands),1,no,yes,no,plan_birdseye,yes,Brielle,not_reviewed_assumed_city_view,TRUE,589,529,527,1575,Vol II (27) Brilium (Brielle),12126179_Vol_II_27_Brilium_Brielle.jpg
85,12126181_Vol_II_28_Middelburgum_Middelburg,Vol_II,Middelburg (Netherlands),1,no,yes,no,plan_birdseye,yes,Middelburg,not_reviewed_assumed_city_view,TRUE,1077,961,1278,1575,Vol II (28) Middelburgum (Middelburg),12126181_Vol_II_28_Middelburgum_Middelburg.jpg
86,12126183_Vol_II_29_Noviomagium_Nijmegen,Vol_II,Nijmegen (Netherlands),1,no,no,no,profile,no,Nijmegen; river profile,distant_city_view,TRUE,194,124,229,1575,Vol II (29) Noviomagium (Nijmegen),12126183_Vol_II_29_Noviomagium_Nijmegen.jpg
87,12126185_Vol_II_30_Campen_Kampen,Vol_II,Kampen (Netherlands),1,no,no,no,profile,no,Kampen; river profile,distant_city_view,TRUE,262,155,275,1575,Vol II (30) Campen (Kampen),12126185_Vol_II_30_Campen_Kampen.jpg
88,12126187_Vol_II_31_Groninga_Groningen,Vol_II,Groningen (Netherlands),1,no,yes,no,plan_birdseye,yes,Groningen,not_reviewed_assumed_city_view,TRUE,1104,972,1596,1575,Vol II (31) Groninga (Groningen),12126187_Vol_II_31_Groninga_Groningen.jpg
89,12126189_Vol_II_32_Embden_Emden,Vol_II,Emden (Germany),1,no,yes,no,plan_birdseye,yes,Emden,not_reviewed_assumed_city_view,TRUE,1250,1117,1301,1575,Vol II (32) Embden (Emden),12126189_Vol_II_32_Embden_Emden.jpg
90,12126191_Vol_II_33_Novesium_Neuss_Verona_Bonn_Brula_Bruhl_Sontina_Zun,Vol_II,Neuss (Germany); Bonn (Germany); Bruhl (Germany); Zons (Germany),4,yes,no,no,profile,after cropping,"Neuss, Bonn, Bruhl, Zons; profiles",not_reviewed_assumed_city_view,TRUE,455,321,495,1620,"Vol II (33) Novesium (Neuss). Verona (Bonn). Brula (Bruhl). Sontina, Zunsz (Zons).",12126191_Vol_II_33_Novesium_Neuss_Verona_Bonn_Brula_Bruhl_Sontina_Zun.jpg
91,12126193_Vol_II_34_Cliviam_Kleve_Duisburgum_Duisburg_Embrica_Emmerich,Vol_II,Kleve (Germany); Duisburg (Germany); Emmerich (Germany); Gennep (Netherlands),4,yes,partly,no,mixed,after cropping,"Kleve, Emmerich, Gennep profiles; Duisburg plan",not_reviewed_assumed_city_view,TRUE,1087,936,1165,1575,Vol II (34) Cliviam (Kleve). Duisburgum (Duisburg). Embrica (Emmerich). Gennapium (Gennep),12126193_Vol_II_34_Cliviam_Kleve_Duisburgum_Duisburg_Embrica_Emmerich.jpg
92,12126195_Vol_II_35_Calcaria_Kalkar,Vol_II,Kalkar (Germany),1,no,yes,no,plan_birdseye,yes,Kalkar,not_reviewed_assumed_city_view,TRUE,625,514,755,1575,Vol II (35) Calcaria (Kalkar),12126195_Vol_II_35_Calcaria_Kalkar.jpg
93,12126197_Vol_II_36_Wissenburgum_Wissembourg_Rubeacum_Rouffach_Colmari,Vol_II,Wissembourg (Germany); Rouffach (Germany); Colmar (France); Baden (Germany),4,yes,partly,no,plan_birdseye,after cropping,"Wissembourg, Obernai, Colmar, Baden; small bird's-eye panels",not_reviewed_assumed_city_view,TRUE,1574,1419,1612,1575,Vol II (36) Wissenburgum (Wissembourg). Rubeacum (Rouffach). Colmaria (Colmar). Badense (Baden),12126197_Vol_II_36_Wissenburgum_Wissembourg_Rubeacum_Rouffach_Colmari.jpg
94,12126199_Vol_II_37_Hala_Schwabisch_Hall,Vol_II,Schwabisch Hall (Germany),1,no,partly,no,oblique_distant,with caution,Schwabisch Hall,not_reviewed_assumed_city_view,TRUE,418,277,527,1575,Vol II (37) Hala (Schwabisch Hall),12126199_Vol_II_37_Hala_Schwabisch_Hall.jpg
95,12126201_Vol_II_38_Campidonia_Kempten,Vol_II,Kempten (Germany),1,no,yes,no,plan_birdseye,yes,Kempten,not_reviewed_assumed_city_view,TRUE,717,582,741,1623,Vol II (38) Campidonia (Kempten),12126201_Vol_II_38_Campidonia_Kempten.jpg
96,12126203_Vol_II_39_Fribergum_Missinae_Freiberg,Vol_II,Freiberg (Germany),1,no,yes,no,plan_birdseye,yes,Freiberg,not_reviewed_assumed_city_view,TRUE,1529,1389,1747,1575,Vol II (39) Fribergum Missinae (Freiberg),12126203_Vol_II_39_Fribergum_Missinae_Freiberg.jpg
97,12126205_Vol_II_40_Basilaea_Basel,Vol_II,Basel (Switzerland),1,no,yes,no,plan_birdseye,yes,Basel,not_reviewed_assumed_city_view,TRUE,2006,1796,2509,1645,Vol II (40) Basilaea (Basel),12126205_Vol_II_40_Basilaea_Basel.jpg
98,12126207_Vol_II_41_Constantia_Konstanz_S_Galli_Opp_St_Gallen,Vol_II,Konstanz (Germany); St. Gallen (Switzerland),2,yes,yes,no,plan_birdseye,after cropping,Konstanz and St Gallen; both bird's-eye,not_reviewed_assumed_city_view,TRUE,629,479,660,1575,Vol II (41) Constantia (Konstanz). S. Galli Opp. (St. Gallen).,12126207_Vol_II_41_Constantia_Konstanz_S_Galli_Opp_St_Gallen.jpg
99,12126209_Vol_II_42_Inspruck_Innsbruck,Vol_II,Innsbruck (Austria),1,no,no,no,landscape,no,Innsbruck; distant in Alpine landscape,not_reviewed_assumed_city_view,TRUE,227,161,236,1575,Vol II (42) Inspruck (Innsbruck).,12126209_Vol_II_42_Inspruck_Innsbruck.jpg
100,12126211_Vol_II_43_Nurnberg_Nuremberg,Vol_II,Nuremberg (Germany),1,no,no,no,profile,no,Nurnberg; profile with large costume figures,distant_city_view,TRUE,273,192,341,1575,Vol II (43) Nurnberg (Nuremberg),12126211_Vol_II_43_Nurnberg_Nuremberg.jpg
101,12126213_Vol_II_44_Misena_Meissen,Vol_II,Meissen (Germany),1,no,partly,no,oblique_distant,with caution,Meissen,not_reviewed_assumed_city_view,TRUE,711,621,756,1575,Vol II (44) Misena (Meissen).,12126213_Vol_II_44_Misena_Meissen.jpg
102,12126215_Vol_II_45_Gorlitz,Vol_II,Gorlitz (Germany),1,no,no,no,profile,no,Gorlitz,not_reviewed_assumed_city_view,TRUE,569,480,731,1575,Vol II (45) Gorlitz.,12126215_Vol_II_45_Gorlitz.jpg
103,12126217_Vol_II_46_Dantzigk_Danzig_Gdansk,Vol_II,Danzig (Poland); Gdansk (Poland),1,no,no,no,profile,no,Danzig; distant profile,not_reviewed_assumed_city_view,TRUE,315,230,346,1575,"Vol II (46) Dantzigk (Danzig, Gdansk).",12126217_Vol_II_46_Dantzigk_Danzig_Gdansk.jpg
104,12126219_Vol_II_47_Moscauw_Moscow,Vol_II,Moscow (Russia),1,no,yes,no,plan_birdseye,yes,Moscow; schematic,distant_city_view,TRUE,989,917,1128,1575,Vol II (47) Moscauw (Moscow),12126219_Vol_II_47_Moscauw_Moscow.jpg
105,12126221_Vol_II_48_Grodna_Grodno,Vol_II,Grodno (Belarus),1,no,partly,no,oblique_distant,with caution,Grodno,not_reviewed_assumed_city_view,TRUE,326,247,364,1575,Vol II (48) Grodna (Grodno),12126221_Vol_II_48_Grodna_Grodno.jpg
106,12126223_Vol_II_49_Romae_Rome,Vol_II,Rome (Italy),1,no,yes,yes,plan_birdseye,no,Reconstruction of ANCIENT Rome (Urbis Romae sicut olim); not a contemporary city view,detailed_city_view,TRUE,599,415,1135,1575,Vol II (49) Romae (Rome),12126223_Vol_II_49_Romae_Rome.jpg
107,12126225_Vol_II_50_Mantua,Vol_II,Mantua (Italy),1,no,partly,no,oblique_distant,with caution,Mantua; distant bird's-eye,not_reviewed_assumed_city_view,TRUE,470,401,540,1575,Vol II (50) Mantua,12126225_Vol_II_50_Mantua.jpg
108,12126227_Vol_II_51_Puteoli_Pozzuoli_Bay,Vol_II,NA,2,yes,no,partly,landscape,after cropping,Pozzuoli and Baia; bay landscape with ruins,not_reviewed_assumed_city_view,TRUE,119,78,126,1575,Vol II (51) Puteoli (Pozzuoli Bay),12126227_Vol_II_51_Puteoli_Pozzuoli_Bay.jpg
109,12126229_Vol_II_52_Sibinium_Sibenik_Parens_Porec_Modon_Methoni,Vol_II,Sibenik (Croatia); Porec (Croatia); Methoni (Greece),3,yes,no,no,profile,after cropping,"Sibenik, Porec, Modon; profiles",not_reviewed_assumed_city_view,TRUE,349,253,345,1575,Vol II (52) Sibinium (Sibenik). Parens (Porec). Modon (Methoni).,12126229_Vol_II_52_Sibinium_Sibenik_Parens_Porec_Modon_Methoni.jpg
110,12126231_Vol_II_53_Candia_Irakleio_Corphu_Kerkyra,Vol_II,Irakleio (Greece); Kerkyra (Greece),2,yes,partly,no,mixed,after cropping,Candia profile; Corfu bird's-eye,not_reviewed_assumed_city_view,TRUE,448,369,520,1575,Vol II (53) Candia (Irakleio). Corphu (Kerkyra).,12126231_Vol_II_53_Candia_Irakleio_Corphu_Kerkyra.jpg
111,12126233_Vol_II_54_Hierosolyma_Jerusalem,Vol_II,Jerusalem (Israel),1,no,yes,no,plan_birdseye,yes,Jerusalem; schematic bird's-eye,not_reviewed_assumed_city_view,TRUE,365,220,497,1575,Vol II (54) Hierosolyma (Jerusalem).,12126233_Vol_II_54_Hierosolyma_Jerusalem.jpg
112,12126235_Vol_II_55_Damascus,Vol_II,Damascus (Syria),1,no,yes,no,plan_birdseye,yes,Damascus; schematic bird's-eye,not_reviewed_assumed_city_view,TRUE,616,431,826,1575,Vol II (55) Damascus.,12126235_Vol_II_55_Damascus.jpg
113,12126237_Vol_II_56_Alexandria,Vol_II,Alexandria (Egypt),1,no,yes,no,plan_birdseye,yes,Alexandria,not_reviewed_assumed_city_view,TRUE,671,512,918,1575,Vol II (56) Alexandria.,12126237_Vol_II_56_Alexandria.jpg
114,12126239_Vol_II_57_Tunes_Tunis_Africa_olim_Aphrodisium_Mahdia_Penon_d,Vol_II,Tunis (Tunisia); Madia (Tunisia); Penon de Velez (Spain),3,yes,no,partly,mixed,after cropping,Tunis profile; Mahdia (Africa) and Penon de Velez siege/naval scenes,not_reviewed_assumed_city_view,TRUE,496,287,620,1575,Vol II (57) Tunes (Tunis). Africa olim Aphrodisium (Mahdia). Penon de Veles (Penon de Velez).,12126239_Vol_II_57_Tunes_Tunis_Africa_olim_Aphrodisium_Mahdia_Penon_d.jpg
115,12126241_Vol_II_58_Tunes_Tunis,Vol_II,Tunis (Tunisia),1,no,partly,partly,plan_birdseye,with caution,"Tunis/La Goletta siege plan of 1574; military event map, city small",not_reviewed_assumed_city_view,TRUE,420,291,575,1575,Vol II (58) Tunes (Tunis).,12126241_Vol_II_58_Tunes_Tunis.jpg
116,12126243_Vol_II_59_Algiers_Algeria,Vol_II,Algiers (Algeria),1,no,yes,no,plan_birdseye,yes,Algiers,not_reviewed_assumed_city_view,TRUE,756,576,846,1575,Vol II (59) Algiers (Algeria).,12126243_Vol_II_59_Algiers_Algeria.jpg
117,12126248_Vol_III_1_Nordovicum_Angliae_Civitas_Norwich,Vol_III,Norwich (England),1,no,yes,no,plan_birdseye,yes,Norwich,not_reviewed_assumed_city_view,TRUE,1053,944,1172,1581,Vol III (1) Nordovicum Angliae Civitas (Norwich).,12126248_Vol_III_1_Nordovicum_Angliae_Civitas_Norwich.jpg
118,12126250_Vol_III_2_Brightstowe_Bristol,Vol_III,Bristol (England),1,no,yes,no,plan_birdseye,yes,Bristol,not_reviewed_assumed_city_view,TRUE,1702,1628,1729,1581,Vol III (2) Brightstowe (Bristol).,12126250_Vol_III_2_Brightstowe_Bristol.jpg
119,12126252_Vol_III_3_Cestria_vulgo_Chester_Angliae_Civitas,Vol_III,Chester (England),1,no,yes,no,plan_birdseye,yes,Chester,not_reviewed_assumed_city_view,TRUE,968,919,1006,1581,"Vol III (3) Cestria, vulgo Chester, Angliae Civitas.",12126252_Vol_III_3_Cestria_vulgo_Chester_Angliae_Civitas.jpg
120,12126254_Vol_III_4_Edenburg_Edenburgum_Scotia_Metropolis,Vol_III,Edinburgh (Scotland),1,no,yes,no,plan_birdseye,yes,Edinburgh,not_reviewed_assumed_city_view,TRUE,813,752,789,1581,"Vol III (4) Edenburg, Edenburgum, Scotia Metropolis.",12126254_Vol_III_4_Edenburg_Edenburgum_Scotia_Metropolis.jpg
121,12126256_Vol_III_5_Le_Brixa_Settenil,Vol_III,Lebrija (Spain); Setenil (Spain),2,yes,no,no,landscape,after cropping,Lebrija(?) and Setenil; landscape,not_reviewed_assumed_city_view,TRUE,280,244,315,1581,Vol III (5) Le Brixa. Settenil.,12126256_Vol_III_5_Le_Brixa_Settenil.jpg
122,12126258_Vol_III_6_Aurelia_Franciae_Civitas_Orleans,Vol_III,Orleans (France),1,no,yes,no,plan_birdseye,yes,Orleans,not_reviewed_assumed_city_view,TRUE,2753,2636,2578,1581,Vol III (6) Aurelia Franciae Civitas (Orleans).,12126258_Vol_III_6_Aurelia_Franciae_Civitas_Orleans.jpg
123,12126260_Vol_III_7_Rotomaggus_Galliae_vulgo_Rouen,Vol_III,Rouen (France),1,no,yes,no,plan_birdseye,yes,Rouen,not_reviewed_assumed_city_view,TRUE,2187,2054,1993,1581,Vol III (7) Rotomaggus Galliae... vulgo Rouen.,12126260_Vol_III_7_Rotomaggus_Galliae_vulgo_Rouen.jpg
124,12126262_Vol_III_8_Chartres_Chateaudun,Vol_III,Chartres (France); Chateaudun (France),2,yes,yes,no,plan_birdseye,after cropping,Chartres and Chateaudun; both plans,not_reviewed_assumed_city_view,TRUE,1286,1133,1780,1581,Vol III (8) Chartres. Chateaudun.,12126262_Vol_III_8_Chartres_Chateaudun.jpg
125,12126264_Vol_III_9_Gratianopolis_vulgo_Grenoble_Romans_Delphinatus_vu,Vol_III,Grenoble (France); Romans-sur-Isere (France),2,yes,yes,no,plan_birdseye,after cropping,Grenoble and Romans; both plans,not_reviewed_assumed_city_view,TRUE,1587,1449,1678,1581,Vol III (9) Gratianopolis... vulgo... Grenoble. Romans Delphinatus vulgo Daufine,12126264_Vol_III_9_Gratianopolis_vulgo_Grenoble_Romans_Delphinatus_vu.jpg
126,12126266_Vol_III_10_Authun_Autun_Neuers_Nevers,Vol_III,Autun (France); Nevers (France),2,yes,yes,no,plan_birdseye,after cropping,Autun and Nevers; both plans,not_reviewed_assumed_city_view,TRUE,1707,1602,1840,1581,Vol III (10) Authun (Autun). Neuers (Nevers).,12126266_Vol_III_10_Authun_Autun_Neuers_Nevers.jpg
127,12126268_Vol_III_11_Loeven_Loavanium_Leuven,Vol_III,Leuven (Belgium),1,no,yes,no,plan_birdseye,yes,Leuven,not_reviewed_assumed_city_view,TRUE,2184,2054,2171,1581,"Vol III (11) Loeven, Loavanium (Leuven)",12126268_Vol_III_11_Loeven_Loavanium_Leuven.jpg
128,12126270_Vol_III_12_Mechelen,Vol_III,Mechelen (Belgium),1,no,yes,no,plan_birdseye,yes,Mechelen,not_reviewed_assumed_city_view,TRUE,3554,3441,2986,1581,Vol III (12) Mechelen.,12126270_Vol_III_12_Mechelen.jpg
129,12126272_Vol_III_13_Tienen,Vol_III,Tienen (Belgium),1,no,yes,no,plan_birdseye,yes,Tienen,not_reviewed_assumed_city_view,TRUE,1719,1633,1848,1581,Vol III (13) Tienen.,12126272_Vol_III_13_Tienen.jpg
130,12126274_Vol_III_14_Bergen_op_Zoom,Vol_III,Bergen (Netherlands),1,no,yes,no,plan_birdseye,yes,Bergen op Zoom,not_reviewed_assumed_city_view,TRUE,1739,1637,1871,1581,Vol III (14) Bergen op Zoom.,12126274_Vol_III_14_Bergen_op_Zoom.jpg
131,12126276_Vol_III_15_Maestricht_Maastricht,Vol_III,Maastricht (Netherlands),1,no,yes,no,plan_birdseye,yes,Maastricht,detailed_city_view,TRUE,2091,1952,2224,1581,Vol III (15) Maestricht (Maastricht).,12126276_Vol_III_15_Maestricht_Maastricht.jpg
132,12126278_Vol_III_16_Luxembourg_Lutzenburgum,Vol_III,Luxembourg (Luxembourg),1,no,yes,no,plan_birdseye,yes,Luxembourg,detailed_city_view,TRUE,1572,1494,1616,1581,"Vol III (16) Luxembourg, Lutzenburgum.",12126278_Vol_III_16_Luxembourg_Lutzenburgum.jpg
133,12126280_Vol_III_17_Arnhem_Venlo_Gelre_Geldern_Ruermonde_Roermond,Vol_III,Arnhem (Netherlands); Venlo (Netherlands); Geldern (Germany); Roermond (Netherlands),4,yes,yes,no,plan_birdseye,after cropping,"Arnhem, Venlo, Geldern, Roermond; four plans",not_reviewed_assumed_city_view,TRUE,2869,2706,3147,1581,Vol III (17) Arnhem. Venlo. Gelre (Geldern). Ruermonde (Roermond).,12126280_Vol_III_17_Arnhem_Venlo_Gelre_Geldern_Ruermonde_Roermond.jpg
134,12126282_Vol_III_18_Nymmegen_Noviomagium_Nijmegen,Vol_III,Nijmegen (Netherlands),1,no,yes,no,plan_birdseye,yes,Nijmegen,detailed_city_view,TRUE,2377,2281,2361,1581,"Vol III (18) Nymmegen, Noviomagium (Nijmegen).",12126282_Vol_III_18_Nymmegen_Noviomagium_Nijmegen.jpg
135,12126284_Vol_III_19_Lille,Vol_III,Lille (France),1,no,yes,no,plan_birdseye,yes,Lille,not_reviewed_assumed_city_view,TRUE,1962,1873,2107,1581,Vol III (19) Lille.,12126284_Vol_III_19_Lille.jpg
136,12126286_Vol_III_20_Douay_Douai,Vol_III,Douai (France),1,no,yes,no,plan_birdseye,yes,Douai,not_reviewed_assumed_city_view,TRUE,3328,3221,3266,1581,Vol III (20) Douay (Douai).,12126286_Vol_III_20_Douay_Douai.jpg
137,12126288_Vol_III_21_Sluys_Sluis,Vol_III,Sluis (Netherlands),1,no,yes,no,plan_birdseye,yes,Sluis,not_reviewed_assumed_city_view,TRUE,1215,1164,1362,1581,Vol III (21) Sluys (Sluis).,12126288_Vol_III_21_Sluys_Sluis.jpg
138,12126290_Vol_III_22_Arras,Vol_III,Arras (France),1,no,yes,no,plan_birdseye,yes,Arras (city and cite on one plate),not_reviewed_assumed_city_view,TRUE,3268,3151,3254,1581,Vol III (22) Arras.,12126290_Vol_III_22_Arras.jpg
139,12126292_Vol_III_23_Nobilis_Hannoniae_Comitatus_Descriptio,Vol_III,Hainaut (Belgium),0,n/a,n/a,yes,none,no,Heraldic table of Hainaut (coats of arms); not a city view,not_reviewed_assumed_city_view,TRUE,462,302,488,1581,Vol III (23) Nobilis Hannoniae Comitatus Descriptio.,12126292_Vol_III_23_Nobilis_Hannoniae_Comitatus_Descriptio.jpg
140,12126294_Vol_III_24_Mons,Vol_III,Mons (Belgium),1,no,yes,no,plan_birdseye,yes,Mons,detailed_city_view,TRUE,2224,2129,2217,1581,Vol III (24) Mons.,12126294_Vol_III_24_Mons.jpg
141,12126296_Vol_III_25_Valenchiennes,Vol_III,Valenciennes (France),1,no,yes,no,plan_birdseye,yes,Valenciennes,not_reviewed_assumed_city_view,TRUE,2521,2396,2606,1581,Vol III (25) Valenchiennes.,12126296_Vol_III_25_Valenchiennes.jpg
142,12126298_Vol_III_26_Charlemont_Givet_Landrechies_Landrecies_Avesnes_B,Vol_III,Givet (France); Landrecies (France); Avesnes (France); Beaumont-le-Roger (France),4,yes,yes,no,plan_birdseye,after cropping,"Charlemont, Landrecies, Avesnes, Beaumont; four small plans",not_reviewed_assumed_city_view,TRUE,1809,1704,1662,1581,Vol III (26) Charlemont (Givet). Landrechies (Landrecies). Avesnes. Beaumont (Beaumont-le-Roger).,12126298_Vol_III_26_Charlemont_Givet_Landrechies_Landrecies_Avesnes_B.jpg
143,12126300_Vol_III_27_Philippeville_Mariebourg_Mariembourg_Chimay_Walco,Vol_III,Phileppeville (Belgium); Mariembourg (Belgium); Chimay (Belgium); Walcourt (Begium),4,yes,yes,no,plan_birdseye,after cropping,"Philippeville, Mariembourg, Chimay, Walcourt; four small plans",not_reviewed_assumed_city_view,TRUE,1343,1259,1219,1581,Vol III (27) Philippeville. Mariebourg (Mariembourg). Chimay. Walcourt.,12126300_Vol_III_27_Philippeville_Mariebourg_Mariembourg_Chimay_Walco.jpg
144,12126302_Vol_III_28_Dordrecht,Vol_III,Dordrecht (Netherlands),1,no,yes,no,plan_birdseye,yes,Dordrecht,detailed_city_view,TRUE,2383,2242,2353,1581,Vol III (28) Dordrecht.,12126302_Vol_III_28_Dordrecht.jpg
145,12126304_Vol_III_29_Delft,Vol_III,Delft (Netherlands),1,no,yes,no,plan_birdseye,yes,Delft,not_reviewed_assumed_city_view,TRUE,2329,2185,2696,1620,Vol III (29) Delft,12126304_Vol_III_29_Delft.jpg
146,12126306_Vol_III_30_Die_Stadt_Enchuijsen_Enkhuizen,Vol_III,Enkhuizen (Netherlands),1,no,yes,no,plan_birdseye,yes,Enkhuizen,not_reviewed_assumed_city_view,TRUE,1039,947,1065,1581,Vol III (30) Die Stadt Enchuijsen (Enkhuizen).,12126306_Vol_III_30_Die_Stadt_Enchuijsen_Enkhuizen.jpg
147,12126308_Vol_III_31_Rotterdam_Goude_Gouda,Vol_III,Gouda (Netherlands),2,yes,no,no,profile,after cropping,Rotterdam and Gouda; profiles,not_reviewed_assumed_city_view,TRUE,267,168,263,1581,Vol III (31) Rotterdam. Goude (Gouda).,12126308_Vol_III_31_Rotterdam_Goude_Gouda.jpg
148,12126310_Vol_III_32_Namur,Vol_III,Namur (Belgium),1,no,yes,no,plan_birdseye,yes,Namur,detailed_city_view,TRUE,1715,1551,1725,1581,Vol III (32) Namur.,12126310_Vol_III_32_Namur.jpg
149,12126312_Vol_III_33_Deventer,Vol_III,Deventer (Netherlands),1,no,yes,no,plan_birdseye,yes,Deventer,not_reviewed_assumed_city_view,TRUE,1524,1426,1619,1581,Vol III (33) Deventer.,12126312_Vol_III_33_Deventer.jpg
150,12126314_Vol_III_34_Campen_Kampen,Vol_III,Kampen (Netherlands),1,no,yes,no,plan_birdseye,yes,Kampen,detailed_city_view,TRUE,1363,1256,1356,1581,Vol III (34) Campen (Kampen).,12126314_Vol_III_34_Campen_Kampen.jpg
151,12126316_Vol_III_35_Swol_Zwolle,Vol_III,Zwolle (Netherlands),1,no,yes,no,plan_birdseye,yes,Zwolle,not_reviewed_assumed_city_view,TRUE,1205,1100,1583,1581,Vol III (35) Swol (Zwolle).,12126316_Vol_III_35_Swol_Zwolle.jpg
152,12126318_Vol_III_36_Leevwaerden_Leeuwarden_Franicker_Franeker,Vol_III,Leeuwarden (Netherlands); Franeker (Netherlands),2,yes,yes,no,plan_birdseye,after cropping,Leeuwarden and Franeker; two plans,not_reviewed_assumed_city_view,TRUE,2121,2070,2050,1581,Vol III (36) Leevwaerden (Leeuwarden). Franicker (Franeker).,12126318_Vol_III_36_Leevwaerden_Leeuwarden_Franicker_Franeker.jpg
153,12126320_Vol_III_37_Soest_Warborch_Warburg,Vol_III,Soest (Germany); Warburg (Germany),2,yes,no,no,profile,after cropping,Soest and Warburg; profiles,not_reviewed_assumed_city_view,TRUE,363,260,489,1581,Vol III (37) Soest. Warborch (Warburg).,12126320_Vol_III_37_Soest_Warborch_Warburg.jpg
154,12126322_Vol_III_38_Francenburgum_Frankenberg,Vol_III,Frankenberg (Germany),1,no,partly,no,oblique_distant,with caution,Frankenberg,not_reviewed_assumed_city_view,TRUE,251,182,322,1581,Vol III (38) Francenburgum (Frankenberg).,12126322_Vol_III_38_Francenburgum_Frankenberg.jpg
155,12126324_Vol_III_39_Eschwege_Fritzlar,Vol_III,Eschwege (Germany); Fritzlar (Germany),2,yes,no,no,profile,after cropping,Eschwege and Fritzlar; profiles,not_reviewed_assumed_city_view,TRUE,580,478,779,1581,Vol III (39) Eschwege. Fritzlar.,12126324_Vol_III_39_Eschwege_Fritzlar.jpg
156,12126326_Vol_III_40_Werden_Essend_Essen,Vol_III,Werden (Germany); Essen (Germany),2,yes,no,no,profile,after cropping,Werden and Essen; profiles,not_reviewed_assumed_city_view,TRUE,262,193,431,1581,Vol III (40) Werden. Essend (Essen).,12126326_Vol_III_40_Werden_Essend_Essen.jpg
157,12126328_Vol_III_41_Halberstadium_Halberstadt_Quedelinburga_Quedlinbu,Vol_III,Halberstadt (Germany); Quedlinburg (Germany),2,yes,no,no,profile,after cropping,Halberstadt and Quedlinburg; profiles,not_reviewed_assumed_city_view,TRUE,563,438,656,1581,Vol III (41) Halberstadium (Halberstadt). Quedelinburga (Quedlinburg).,12126328_Vol_III_41_Halberstadium_Halberstadt_Quedelinburga_Quedlinbu.jpg
158,12126330_Vol_III_42_Weinmar_Weimar,Vol_III,"Weimar (Thuringia, Germany)",1,no,yes,no,plan_birdseye,yes,Weimar,not_reviewed_assumed_city_view,TRUE,1255,1069,1400,1581,Vol III (42) Weinmar (Weimar).,12126330_Vol_III_42_Weinmar_Weimar.jpg
159,12126332_Vol_III_43_Die_Furstliche_Hauptt_Statt_Konigksbergk_Kalining,Vol_III,Kaliningrad (Russia); Riga (Latvia),2,yes,partly,no,oblique_distant,after cropping,Konigsberg and Riga; distant oblique,not_reviewed_assumed_city_view,TRUE,1059,958,1081,1581,Vol III (43) Die Furstliche Hauptt Statt Konigksbergk (Kaliningrad). Riga.,12126332_Vol_III_43_Die_Furstliche_Hauptt_Statt_Konigksbergk_Kalining.jpg
160,12126334_Vol_III_44_Zurych_Zurich,Vol_III,Zurich (Switzerland),1,no,yes,no,plan_birdseye,yes,Zurich,not_reviewed_assumed_city_view,TRUE,1552,1358,1730,1581,Vol III (44) Zurych (Zurich).,12126334_Vol_III_44_Zurych_Zurich.jpg
161,12126336_Vol_III_45_Landshut,Vol_III,Landshut (Germany),1,no,no,no,landscape,no,Landshut; distant landscape,not_reviewed_assumed_city_view,TRUE,219,177,250,1581,Vol III (45) Landshut.,12126336_Vol_III_45_Landshut.jpg
162,12126338_Vol_III_46_Passaw_Passau,Vol_III,Passau (Germany),1,no,partly,no,oblique_distant,with caution,Passau,not_reviewed_assumed_city_view,TRUE,675,573,689,1581,Vol III (46) Passaw (Passau).,12126338_Vol_III_46_Passaw_Passau.jpg
163,12126340_Vol_III_47_Saltzburgk_Salzburg,Vol_III,Salzburg (Austria),1,no,partly,no,oblique_distant,with caution,Salzburg,not_reviewed_assumed_city_view,TRUE,775,678,838,1581,Vol III (47) Saltzburgk (Salzburg).,12126340_Vol_III_47_Saltzburgk_Salzburg.jpg
164,12126342_Vol_III_48_Tridentum_Trento,Vol_III,Trento (Italy),1,no,yes,no,plan_birdseye,yes,Trento,not_reviewed_assumed_city_view,TRUE,977,814,1153,1581,Vol III (48) Tridentum (Trento).,12126342_Vol_III_48_Tridentum_Trento.jpg
165,12126344_Vol_III_49_Verona,Vol_III,Verona (Italy),1,no,partly,no,mixed,with caution,"Verona; one city shown twice (profile above, plan below)",not_reviewed_assumed_city_view,TRUE,1242,1118,1188,1581,Vol III (49) Verona.,12126344_Vol_III_49_Verona.jpg
166,12126346_Vol_III_50_Pezaro_Pesaro,Vol_III,Pesaro (Italy),1,no,no,no,landscape,no,Pesaro; distant landscape,not_reviewed_assumed_city_view,TRUE,193,159,173,1581,Vol III (50) Pezaro (Pesaro).,12126346_Vol_III_50_Pezaro_Pesaro.jpg
167,12126348_Vol_III_51_Orvieto_Lavretum_Loreto,Vol_III,Orvieto (Italy); Loreto (Italy),2,yes,no,no,profile,after cropping,Orvieto and Loreto; profiles,not_reviewed_assumed_city_view,TRUE,231,147,262,1581,Vol III (51) Orvieto. Lavretum (Loreto).,12126348_Vol_III_51_Orvieto_Lavretum_Loreto.jpg
168,12126350_Vol_III_52_Tiburtum_Tivoli,Vol_III,Tivoli (Italy),1,no,no,no,landscape,no,Tivoli; landscape with waterfalls,not_reviewed_assumed_city_view,TRUE,243,173,541,1581,Vol III (52) Tiburtum (Tivoli).,12126350_Vol_III_52_Tiburtum_Tivoli.jpg
169,12126352_Vol_III_53_Velitrae_Vulgo_Blitri_Velletri,Vol_III,Velletri (Italy),1,no,no,no,landscape,no,Velletri; landscape,not_reviewed_assumed_city_view,TRUE,200,157,248,1581,Vol III (53) Velitrae Vulgo Blitri (Velletri).,12126352_Vol_III_53_Velitrae_Vulgo_Blitri_Velletri.jpg
170,12126354_Vol_III_54_Vetustiss_ad_Mare_Thyrrhenum_Terracina,Vol_III,Terracina (Italy),1,no,no,no,landscape,no,Terracina; landscape,not_reviewed_assumed_city_view,TRUE,189,120,195,1581,Vol III (54) Vetustiss ad Mare Thyrrhenum (Terracina).,12126354_Vol_III_54_Vetustiss_ad_Mare_Thyrrhenum_Terracina.jpg
171,12126356_Vol_III_55_Mola_Formia,Vol_III,Formia (Italy),2,yes,no,no,landscape,after cropping,Mola (Formia) and Castellone; small towns in landscape,not_reviewed_assumed_city_view,TRUE,147,115,138,1581,Vol III (55) Mola (Formia).,12126356_Vol_III_55_Mola_Formia.jpg
172,12126358_Vol_III_56_Nullus_in_Orbe_Locus_Praelucet_Amoenis_Baiis_Pozz,Vol_III,Pozzuoli (Italy),0,n/a,n/a,yes,landscape,no,Bay of Baia/Pozzuoli landscape (Nullus in orbe locus); not a city view,not_reviewed_assumed_city_view,TRUE,169,116,189,1581,Vol III (56) Nullus in Orbe Locus Praelucet Amoenis Baiis ( Pozzuoli).,12126358_Vol_III_56_Nullus_in_Orbe_Locus_Praelucet_Amoenis_Baiis_Pozz.jpg
173,12126360_Vol_III_57_View_of_Lago_d_Agnano_Vera_delineatio_lacus_Anian,Vol_III,Agnano-Pozzuoli (Italy),0,n/a,n/a,yes,landscape,no,Lago d'Agnano and Solfatara landscapes; not a city view,not_reviewed_assumed_city_view,TRUE,158,117,226,1581,Vol III (57) (View of Lago d'Agnano). Vera delineatio lacus Aniani (Agnano-Pozzuoli).,12126360_Vol_III_57_View_of_Lago_d_Agnano_Vera_delineatio_lacus_Anian.jpg
174,12126362_Vol_III_58_Mirabilium_Sulphureorum_Montium_Apud_Pureolos_Poz,Vol_III,Pozzuoli (Italy); Sulfatara (Italy),0,n/a,n/a,yes,landscape,no,Solfatara (Mirabilium sulphureorum) landscape; not a city view,not_reviewed_assumed_city_view,TRUE,164,115,250,1581,Vol III (58) Mirabilium Sulphureorum Montium Apud Pureolos (Pozzuoli: Sulfatara).,12126362_Vol_III_58_Mirabilium_Sulphureorum_Montium_Apud_Pureolos_Poz.jpg
175,12126364_Vol_III_59_Vilna_Litvaniae_Vilnius,Vol_III,Vilnius (Lithuania),1,no,yes,no,plan_birdseye,yes,Vilnius,not_reviewed_assumed_city_view,TRUE,2063,1989,2289,1581,Vol III (59) Vilna Litvaniae (Vilnius).,12126364_Vol_III_59_Vilna_Litvaniae_Vilnius.jpg
176,12126368_Vol_IV_1_Cantuarbury_Canterbury,Vol_IV,Canterbury (England),1,no,yes,no,plan_birdseye,yes,Canterbury,not_reviewed_assumed_city_view,TRUE,732,522,709,1588,Vol IV (1) Cantuarbury (Canterbury).,12126368_Vol_IV_1_Cantuarbury_Canterbury.jpg
177,12126370_Vol_IV_2_Sevilla_Seville,Vol_IV,Seville (Spain),1,no,yes,no,plan_birdseye,yes,Seville,detailed_city_view,TRUE,1413,1241,1584,1588,Vol IV (2) Sevilla (Seville).,12126370_Vol_IV_2_Sevilla_Seville.jpg
178,12126372_Vol_IV_3_Marchena_Orchuna_Osuna,Vol_IV,Marchena (Spain); Osuna (Spain),2,yes,no,no,landscape,after cropping,Marchena and Osuna; landscape,not_reviewed_assumed_city_view,TRUE,901,856,934,1588,Vol IV (3) Marchena. Orchuna (Osuna),12126372_Vol_IV_3_Marchena_Orchuna_Osuna.jpg
179,12126374_Vol_IV_4_Matiscona_Macon_Cabillinum_Chalon_sur_Saone,Vol_IV,Macon (France); Chalon-sur-Saone (France),2,yes,yes,no,plan_birdseye,after cropping,Macon and Chalon; two plans,NA,NA,NA,NA,NA,1588,Vol IV (4) Matiscona (Macon). Cabillinum (Chalon-sur-Saone).,12126374_Vol_IV_4_Matiscona_Macon_Cabillinum_Chalon_sur_Saone.jpg
180,12126376_Vol_IV_5_Cambray_Cambrai,Vol_IV,Cambrai (France),1,no,partly,no,oblique_distant,with caution,Cambrai,not_reviewed_assumed_city_view,TRUE,382,296,357,1588,Vol IV (5) Cambray (Cambrai).,12126376_Vol_IV_5_Cambray_Cambrai.jpg
181,12126378_Vol_IV_6_Hesdyn_Fort_Hesdin,Vol_IV,Hesdin (France),1,no,yes,no,plan_birdseye,yes,Hesdin,not_reviewed_assumed_city_view,TRUE,664,593,694,1588,Vol IV (6) Hesdyn Fort (Hesdin).,12126378_Vol_IV_6_Hesdyn_Fort_Hesdin.jpg
182,12126380_Vol_IV_7_Bethune,Vol_IV,Bethune (France),1,no,no,no,profile,no,Bethune,not_reviewed_assumed_city_view,TRUE,268,209,258,1588,Vol IV (7) Bethune.,12126380_Vol_IV_7_Bethune.jpg
183,12126382_Vol_IV_8_S_Omer_Saint_Omer,Vol_IV,Saint-Omer (France),1,no,yes,no,plan_birdseye,yes,Saint-Omer,not_reviewed_assumed_city_view,TRUE,1440,1350,1602,1588,Vol IV (8) S. Omer (Saint-Omer).,12126382_Vol_IV_8_S_Omer_Saint_Omer.jpg
184,12126384_Vol_IV_9_Tornacum_Tournai,Vol_IV,Tournai (Belgium),1,no,yes,no,plan_birdseye,yes,Tournai,not_reviewed_assumed_city_view,TRUE,2337,2124,2691,1588,Vol IV (9) Tornacum (Tournai).,12126384_Vol_IV_9_Tornacum_Tournai.jpg
185,12126386_Vol_IV_10_Aelst_Aalst,Vol_IV,Aalst (Belgium),1,no,yes,no,plan_birdseye,yes,Aalst,not_reviewed_assumed_city_view,TRUE,659,610,696,1588,Vol IV (10) Aelst (Aalst).,12126386_Vol_IV_10_Aelst_Aalst.jpg
186,12126388_Vol_IV_11_Lier,Vol_IV,Lier (Belgium),1,no,yes,no,plan_birdseye,yes,Lier,not_reviewed_assumed_city_view,TRUE,1191,1113,1185,1588,Vol IV (11) Lier.,12126388_Vol_IV_11_Lier.jpg
187,12126390_Vol_IV_12_Tshertogenbosch_s_Hertogenbosch,Vol_IV,'s-Hertogenbosch (Netherlands),1,no,yes,no,plan_birdseye,yes,'s-Hertogenbosch,not_reviewed_assumed_city_view,TRUE,1710,1585,1991,1588,Vol IV (12) Tshertogenbosch ('s-Hertogenbosch).,12126390_Vol_IV_12_Tshertogenbosch_s_Hertogenbosch.jpg
188,12126392_Vol_IV_13_Rotterdam,Vol_IV,Rotterdam (Netherlands),1,no,yes,no,plan_birdseye,yes,Rotterdam,not_reviewed_assumed_city_view,TRUE,1173,1074,1264,1588,Vol IV (13) Rotterdam.,12126392_Vol_IV_13_Rotterdam.jpg
189,12126394_Vol_IV_14_Gouda,Vol_IV,Gouda (Netherlands),1,no,yes,no,plan_birdseye,yes,Gouda,not_reviewed_assumed_city_view,TRUE,1978,1885,1756,1588,Vol IV (14) Gouda.,12126394_Vol_IV_14_Gouda.jpg
190,12126396_Vol_IV_15_Amorfortia_Amersfoort,Vol_IV,Amersfoort (Netherlands),1,no,partly,no,mixed,with caution,"Amersfoort; one city shown twice (plan above, profile below)",not_reviewed_assumed_city_view,TRUE,1485,1290,1480,1588,Vol IV (15) Amorfortia (Amersfoort).,12126396_Vol_IV_15_Amorfortia_Amersfoort.jpg
191,12126398_Vol_IV_16_Zutphen,Vol_IV,Zutphen (Netherlands),1,no,yes,no,plan_birdseye,yes,Zutphen,not_reviewed_assumed_city_view,TRUE,942,871,756,1588,Vol IV (16) Zutphen.,12126398_Vol_IV_16_Zutphen.jpg
192,12126400_Vol_IV_17_Bolzvardia_Bolsward_Stavria_Stavoren_Harlinga_Harl,Vol_IV,Bolsward (Netherlands); Stavoren (Netherlands); Harlingen (Netherlands); Hindeloopen (Netherlands),4,yes,yes,no,plan_birdseye,after cropping,"Bolsward, Stavoren, Harlingen, Hindeloopen; four plans",not_reviewed_assumed_city_view,TRUE,1637,1579,1738,1588,Vol IV (17) Bolzvardia (Bolsward). Stavria (Stavoren). Harlinga (Harlingen). Hindelopia (Hindeloopen).,12126400_Vol_IV_17_Bolzvardia_Bolsward_Stavria_Stavoren_Harlinga_Harl.jpg
193,12126402_Vol_IV_18_Sneecha_Sneek_Doccum_Dokkum_Sloten_Ylsta_Ijlst,Vol_IV,Sneek (Netherlands); Dokkum (Netherlands); Sloten (Netherlands); Ijlst (Netherlands),4,yes,yes,no,plan_birdseye,after cropping,"Sneek, Dokkum, Sloten, IJlst; four plans",not_reviewed_assumed_city_view,TRUE,1646,1581,1742,1588,"Vol IV (18) Sneecha (Sneek). Doccum (Dokkum), Sloten. Ylsta (Ijlst).",12126402_Vol_IV_18_Sneecha_Sneek_Doccum_Dokkum_Sloten_Ylsta_Ijlst.jpg
194,12126404_Vol_IV_19_Wesel,Vol_IV,Wesel (Germany),1,no,yes,no,plan_birdseye,yes,Wesel,not_reviewed_assumed_city_view,TRUE,1225,1118,1506,1588,Vol IV (19) Wesel.,12126404_Vol_IV_19_Wesel.jpg
195,12126406_Vol_IV_20_Lippe_Lippstadt_Dortmund,Vol_IV,Lippstadt (Germany); Dortmund (Germany),2,yes,no,no,profile,after cropping,Lippstadt and Dortmund; profiles,not_reviewed_assumed_city_view,TRUE,181,108,207,1588,Vol IV (20) Lippe (Lippstadt). Dortmund.,12126406_Vol_IV_20_Lippe_Lippstadt_Dortmund.jpg
196,12126408_Vol_IV_21_Soest,Vol_IV,Soest (Germany),1,no,partly,no,oblique_distant,with caution,Soest; elevated profile,not_reviewed_assumed_city_view,TRUE,328,230,548,1588,Vol IV (21) Soest.,12126408_Vol_IV_21_Soest.jpg
197,12126410_Vol_IV_22_Arnsberg,Vol_IV,Arnsberg (Germany),1,no,no,no,landscape,no,Arnsberg; landscape,not_reviewed_assumed_city_view,TRUE,227,167,268,1588,Vol IV (22) Arnsberg.,12126410_Vol_IV_22_Arnsberg.jpg
198,12126412_Vol_IV_23_Neus_Neuss,Vol_IV,Neuss (Germany),1,no,yes,no,plan_birdseye,yes,Neuss,not_reviewed_assumed_city_view,TRUE,650,560,891,1588,Vol IV (23) Neus (Neuss).,12126412_Vol_IV_23_Neus_Neuss.jpg
199,12126414_Vol_IV_24_Ober_Wesell_Oberwesel_Boppart_Boppard,Vol_IV,Oberwesel (Germany); Boppard (Germany),2,yes,no,no,profile,after cropping,Oberwesel and Boppard; profiles,not_reviewed_assumed_city_view,TRUE,343,258,399,1588,Vol IV (24) Ober Wesell (Oberwesel). Boppart (Boppard).,12126414_Vol_IV_24_Ober_Wesell_Oberwesel_Boppart_Boppard.jpg
200,12126416_Vol_IV_25_Danorum_Marca_vel_Cimbricum_aut_Daniae_Regnum_Denm,Vol_IV,NA,0,n/a,n/a,yes,none,no,Map of Denmark (regional map); not a city view,not_reviewed_assumed_city_view,TRUE,176,134,382,1588,"Vol IV (25) Danorum Marca, vel Cimbricum, aut Daniae Regnum (Denmark).",12126416_Vol_IV_25_Danorum_Marca_vel_Cimbricum_aut_Daniae_Regnum_Denm.jpg
201,12126418_Vol_IV_26_Freti_Danici_Or_Sundt_Accuratiss_Delineatio_Helsin,Vol_IV,Helsingor (Denmark),0,n/a,n/a,yes,none,no,"Map of the Oresund with Kronborg; regional map, not a city view",not_reviewed_assumed_city_view,TRUE,757,609,720,1588,Vol IV (26) Freti Danici Or Sundt Accuratiss Delineatio (Helsingor).,12126418_Vol_IV_26_Freti_Danici_Or_Sundt_Accuratiss_Delineatio_Helsin.jpg
202,12126420_Vol_IV_27_Topographia_Insulae_Huenae_Ven,Vol_IV,NA,0,n/a,n/a,yes,none,no,Island of Hven (Tycho Brahe's Uraniborg); not a city view,not_reviewed_assumed_city_view,TRUE,262,166,218,1586,Vol IV (27) Topographia Insulae Huenae (Ven).,12126420_Vol_IV_27_Topographia_Insulae_Huenae_Ven.jpg
203,12126422_Vol_IV_28_Hafnia_Copenhagen_Kopenhagen_Kobenhavn,Vol_IV,Copenhagen (Denmark),1,no,no,no,profile,no,Copenhagen; profile,not_reviewed_assumed_city_view,TRUE,362,282,487,1588,Vol IV (28) Hafnia (Copenhagen). Kopenhagen (Kobenhavn).,12126422_Vol_IV_28_Hafnia_Copenhagen_Kopenhagen_Kobenhavn.jpg
204,12126424_Vol_IV_29_Helsheborch_Helsingborg_Lunden_Lund_Elbogen_Malmo_,Vol_IV,Helsingborg (Sweden); Lund (Sweden); Malmo (Sweden); Landskrona (Sweden),4,yes,partly,no,plan_birdseye,after cropping,"Helsingborg, Lund, Malmo, Landskrona; small bird's-eye panels",not_reviewed_assumed_city_view,TRUE,754,624,886,1588,Vol IV (29) Helsheborch (Helsingborg). Lunden (Lund). Elbogen (Malmo). Landeskron (Landskrona).,12126424_Vol_IV_29_Helsheborch_Helsingborg_Lunden_Lund_Elbogen_Malmo_.jpg
205,12126426_Vol_IV_30_Flensburgum_Flensburg_Itzohoa_Itzehoe,Vol_IV,Flensburg (Germany); Itzehoe (Germany),2,yes,partly,no,mixed,after cropping,Flensburg profile; Itzehoe bird's-eye,not_reviewed_assumed_city_view,TRUE,1011,847,1578,1588,Vol IV (30) Flensburgum (Flensburg). Itzohoa (Itzehoe).,12126426_Vol_IV_30_Flensburgum_Flensburg_Itzohoa_Itzehoe.jpg
206,12126428_Vol_IV_31_Schleiswych_Schleswig,Vol_IV,Schleswig (Germany),1,no,partly,no,oblique_distant,with caution,Schleswig,not_reviewed_assumed_city_view,TRUE,440,390,464,1588,Vol IV (31) Schleiswych (Schleswig).,12126428_Vol_IV_31_Schleiswych_Schleswig.jpg
207,12126430_Vol_IV_32_Arx_Segeberga_Bad_Segeberg,Vol_IV,Bad Segeberg (Germany),1,no,no,partly,landscape,no,"Segeberg; castle hill dominates, small town below",not_reviewed_assumed_city_view,TRUE,205,122,376,1588,Vol IV (32) Arx Segeberga (Bad Segeberg).,12126430_Vol_IV_32_Arx_Segeberga_Bad_Segeberg.jpg
208,12126432_Vol_IV_33_Husemum_Ducatus_Husum_Haderslebia_Haderslev,Vol_IV,Husum (Germany); Haderslev (Denmark),2,yes,partly,no,oblique_distant,after cropping,Husum and a second town (Hadersleben?); oblique,not_reviewed_assumed_city_view,TRUE,874,738,1186,1588,Vol IV (33) Husemum Ducatus (Husum). Haderslebia (Haderslev).,12126432_Vol_IV_33_Husemum_Ducatus_Husum_Haderslebia_Haderslev.jpg
209,12126434_Vol_IV_34_Chilonium_Kiel,Vol_IV,Kiel (Germany),1,no,yes,no,plan_birdseye,yes,Kiel,not_reviewed_assumed_city_view,TRUE,414,283,579,1588,Vol IV (34) Chilonium (Kiel).,12126434_Vol_IV_34_Chilonium_Kiel.jpg
210,12126436_Vol_IV_35_Crempa_Krempe_Reinholdsburga_Rendsburg,Vol_IV,Krempe (Germany); Rendsburg (Germany),2,yes,no,no,profile,after cropping,Krempe and Reinholdsburg(?); profiles,not_reviewed_assumed_city_view,TRUE,192,117,247,1588,Vol IV (35) Crempa (Krempe). Reinholdsburga (Rendsburg).,12126436_Vol_IV_35_Crempa_Krempe_Reinholdsburga_Rendsburg.jpg
211,12126438_Vol_IV_36_Hamburgum_Hamburg,Vol_IV,Hamburg (Germany),1,no,yes,no,plan_birdseye,yes,Hamburg,not_reviewed_assumed_city_view,TRUE,3119,2966,2844,1588,Vol IV (36) Hamburgum (Hamburg).,12126438_Vol_IV_36_Hamburgum_Hamburg.jpg
212,12126440_Vol_IV_37_Bergen,Vol_IV,"Bergen, Norway",1,no,partly,no,oblique_distant,with caution,Bergen,not_reviewed_assumed_city_view,TRUE,860,788,1100,1588,Vol IV (37) Bergen.,12126440_Vol_IV_37_Bergen.jpg
213,12126442_Vol_IV_38_Stockholm_Stocholm,Vol_IV,Stockholm (Sweden),1,no,no,no,profile,no,"Stockholm; one city shown twice, both profiles",not_reviewed_assumed_city_view,TRUE,828,676,920,1588,Vol IV (38) Stockholm. Stocholm.,12126442_Vol_IV_38_Stockholm_Stocholm.jpg
214,12126444_Vol_IV_39_Munden_Hannoversch_Munden,Vol_IV,Hannoversch Munden (Germany),1,no,no,no,landscape,no,Hann. Munden; landscape,not_reviewed_assumed_city_view,TRUE,184,133,269,1588,Vol IV (39) Munden (Hannoversch Munden).,12126444_Vol_IV_39_Munden_Hannoversch_Munden.jpg
215,12126446_Vol_IV_40_Eisleben_Tubingen,Vol_IV,Eisleben (Germany); Tubingen (Germany),2,yes,no,no,profile,after cropping,Eisleben and Tubingen; profiles,not_reviewed_assumed_city_view,TRUE,458,355,918,1588,Vol IV (40) Eisleben. Tubingen.,12126446_Vol_IV_40_Eisleben_Tubingen.jpg
216,12126448_Vol_IV_41_Alten_Stettin_Szczecin,Vol_IV,Szczecin (Poland),1,no,yes,no,plan_birdseye,yes,Stettin,not_reviewed_assumed_city_view,TRUE,1499,1370,1572,1588,Vol IV (41) Alten Stettin (Szczecin).,12126448_Vol_IV_41_Alten_Stettin_Szczecin.jpg
217,12126450_Vol_IV_42_Wratislavia_Wroclaw,Vol_IV,Wroclaw (Poland),1,no,yes,no,plan_birdseye,yes,Wroclaw,not_reviewed_assumed_city_view,TRUE,4204,3987,4872,1588,Vol IV (42) Wratislavia (Wroclaw).,12126450_Vol_IV_42_Wratislavia_Wroclaw.jpg
218,12126452_Vol_IV_43_Monachium_Munich,Vol_IV,Munich (Germany),1,no,no,no,profile,no,Munich; profile,not_reviewed_assumed_city_view,TRUE,191,137,173,1588,Vol IV (43) Monachium (Munich).,12126452_Vol_IV_43_Monachium_Munich.jpg
219,12126454_Vol_IV_44_Presburg_Bratislava,Vol_IV,Bratislava (Slovakia),1,no,no,no,landscape,no,Bratislava; distant landscape,not_reviewed_assumed_city_view,TRUE,182,122,243,1588,Vol IV (44) Presburg (Bratislava).,12126454_Vol_IV_44_Presburg_Bratislava.jpg
220,12126456_Vol_IV_45_Brixen_Bressanone_Lavginen_Lauingen,Vol_IV,Bressanone (Italy); Lauingen (Germany),2,yes,no,no,mixed,after cropping,Brixen landscape; Lauingen profile,not_reviewed_assumed_city_view,TRUE,357,279,467,1588,Vol IV (45) Brixen (Bressanone). Lavginen (Lauingen).,12126456_Vol_IV_45_Brixen_Bressanone_Lavginen_Lauingen.jpg
221,12126458_Vol_IV_46_Seravallum_Serravalle,Vol_IV,Serravalle (Italy),1,no,partly,no,oblique_distant,with caution,Serravalle,not_reviewed_assumed_city_view,TRUE,746,563,684,1588,Vol IV (46) Seravallum (Serravalle).,12126458_Vol_IV_46_Seravallum_Serravalle.jpg
222,12126460_Vol_IV_47_Vicenza,Vol_IV,Vicenza (Italy),1,no,yes,no,plan_birdseye,yes,Vicenza,not_reviewed_assumed_city_view,TRUE,1502,1386,1465,1588,Vol IV (47) Vicenza.,12126460_Vol_IV_47_Vicenza.jpg
223,12126462_Vol_IV_48_Rimini,Vol_IV,Rimini (Italy),1,no,partly,no,oblique_distant,with caution,Rimini,not_reviewed_assumed_city_view,TRUE,1272,1178,1269,1588,Vol IV (48) Rimini.,12126462_Vol_IV_48_Rimini.jpg
224,12126464_Vol_IV_49_Bononia_Bologna,Vol_IV,Bologna (Italy),1,no,yes,no,plan_birdseye,yes,Bologna,not_reviewed_assumed_city_view,TRUE,3212,2971,2877,1588,Vol IV (49) Bononia (Bologna).,12126464_Vol_IV_49_Bononia_Bologna.jpg
225,12126466_Vol_IV_50_Luca_Lucca,Vol_IV,Lucca (Italy),1,no,yes,no,plan_birdseye,yes,Lucca,not_reviewed_assumed_city_view,TRUE,1183,1015,1357,1588,Vol IV (50) Luca (Lucca).,12126466_Vol_IV_50_Luca_Lucca.jpg
226,12126468_Vol_IV_51_Perusia_Perugia,Vol_IV,"Perugia, Italy",1,no,yes,no,plan_birdseye,yes,Perugia,not_reviewed_assumed_city_view,TRUE,1075,911,1085,1588,Vol IV (51) Perusia (Perugia).,12126468_Vol_IV_51_Perusia_Perugia.jpg
227,12126470_Vol_IV_52_Urbino_Sulmo_Sulmona,Vol_IV,Urbino (Italy); Sulmona (Italy),2,yes,partly,no,mixed,after cropping,Urbino two small profiles; Sulmona plan,not_reviewed_assumed_city_view,TRUE,862,766,946,1588,Vol IV (52) Urbino. Sulmo (Sulmona).,12126470_Vol_IV_52_Urbino_Sulmo_Sulmona.jpg
228,12126472_Vol_IV_53_Ostia,Vol_IV,Ostia (Italy),1,no,yes,yes,plan_birdseye,no,"Ostia; imaginative reconstruction of the ancient harbour, not a contemporary city",not_reviewed_assumed_city_view,TRUE,671,513,725,1588,Vol IV (53) Ostia.,12126472_Vol_IV_53_Ostia.jpg
229,12126474_Vol_IV_54_Antiquae_Urbis_Romae_Rome_upper_sheet,Vol_IV,Rome (Italy),1,no,yes,yes,plan_birdseye,no,"Ancient Rome reconstruction, upper sheet; not a contemporary city",composite_same_view,TRUE,2627,2379,3242,1588,Vol IV (54) Antiquae Urbis Romae (Rome) (upper sheet).,12126474_Vol_IV_54_Antiquae_Urbis_Romae_Rome_upper_sheet.jpg
230,12126476_Vol_IV_55_Antiquae_Urbis_Romae_Rome_lower_sheet,Vol_IV,Rome (Italy),1,no,yes,yes,plan_birdseye,no,"Ancient Rome reconstruction, lower sheet; not a contemporary city",composite_same_view,TRUE,2362,2106,2872,1588,Vol IV (55) Antiquae Urbis Romae (Rome) (lower sheet).,12126476_Vol_IV_55_Antiquae_Urbis_Romae_Rome_lower_sheet.jpg
231,12126477_Vol_IV_54_55_Composite_Antiquae_Urbis_Romae_Rome_upper_and_l,Vol_IV,Rome (Italy),1,no,yes,yes,plan_birdseye,no,"Ancient Rome reconstruction, composite of 229 and 230 (duplicate)",detailed_city_view,TRUE,4202,3996,3257,1588,Vol IV (54) (55) Composite: Antiquae Urbis Romae (Rome) (upper and lower sheets).,12126477_Vol_IV_54_55_Composite_Antiquae_Urbis_Romae_Rome_upper_and_l.jpg
232,12126479_Vol_IV_56_Palermo,Vol_IV,"Palermo (Sicily, Italy)",1,no,yes,no,plan_birdseye,yes,Palermo,not_reviewed_assumed_city_view,TRUE,2491,2344,2308,1588,Vol IV (56) Palermo.,12126479_Vol_IV_56_Palermo.jpg
233,12126481_Vol_IV_57_Chios,Vol_IV,Chios (Greece),1,no,partly,no,oblique_distant,with caution,Chios,not_reviewed_assumed_city_view,TRUE,260,191,325,1588,Vol IV (57) Chios.,12126481_Vol_IV_57_Chios.jpg
234,12126483_Vol_IV_58_Ierusalem_Jerusalem_upper_sheet,Vol_IV,Jerusalem (Israel),1,no,yes,yes,plan_birdseye,no,"Jerusalem at the time of Christ (Adrichom reconstruction), upper sheet",not_reviewed_assumed_city_view,TRUE,1382,1151,1234,1588,Vol IV (58) Ierusalem (Jerusalem) (upper sheet).,12126483_Vol_IV_58_Ierusalem_Jerusalem_upper_sheet.jpg
235,12126485_Vol_IV_59_Ierusalem_Jerusalem_lower_sheet,Vol_IV,Jerusalem (Israel),1,no,yes,yes,plan_birdseye,no,"Jerusalem at the time of Christ (Adrichom reconstruction), lower sheet",not_reviewed_assumed_city_view,TRUE,918,647,896,1588,Vol IV (59) Ierusalem (Jerusalem) (lower sheet).,12126485_Vol_IV_59_Ierusalem_Jerusalem_lower_sheet.jpg
236,12126486_Vol_IV_58_59_Composite_Ierusalem_Jerusalem_upper_and_lower_s,Vol_IV,Jerusalem (Israel),1,no,yes,yes,plan_birdseye,no,"Jerusalem reconstruction, composite of 234 and 235 (duplicate)",not_reviewed_assumed_city_view,TRUE,1839,1478,1328,1588,Vol IV (58) (59) Composite: Ierusalem (Jerusalem) (upper and lower sheets).,12126486_Vol_IV_58_59_Composite_Ierusalem_Jerusalem_upper_and_lower_s.jpg
237,12126491_Vol_V_1_Palatium_Regium_in_Angliae_Regno_Appellatum_Noncivit,Vol_V,Cheam (England),0,n/a,n/a,yes,none,no,"Nonsuch Palace with costume figures; a palace, not a city",not_reviewed_assumed_city_view,TRUE,192,103,443,1597,Vol V (1) Palatium Regium in Angliae Regno Appellatum Noncivitz (Nonsuch Palace). (English Costumes).,12126491_Vol_V_1_Palatium_Regium_in_Angliae_Regno_Appellatum_Noncivit.jpg
238,12126493_Vol_V_2_Olissipo_Lisbon,Vol_V,Lisbon (Portugal),1,no,yes,no,plan_birdseye,yes,Lisbon,not_reviewed_assumed_city_view,TRUE,3358,3175,2719,1600,Vol V (2) Olissipo (Lisbon).,12126493_Vol_V_2_Olissipo_Lisbon.jpg
239,12126495_Vol_V_3_Noua_Bracarae_Braga,Vol_V,Braga (Portugal),1,no,yes,no,plan_birdseye,yes,Braga,not_reviewed_assumed_city_view,TRUE,1274,1043,1084,1597,Vol V (3) Noua Bracarae (Braga).,12126495_Vol_V_3_Noua_Bracarae_Braga.jpg
240,12126497_Vol_V_4_Illustris_Ciuitatis_Conimbriae_Coimbra,Vol_V,Coimbra (Portugal),1,no,yes,no,plan_birdseye,yes,Coimbra; oblique bird's-eye,not_reviewed_assumed_city_view,TRUE,716,627,768,1597,Vol V (4) Illustris Ciuitatis Conimbriae (Coimbra).,12126497_Vol_V_4_Illustris_Ciuitatis_Conimbriae_Coimbra.jpg
241,12126499_Vol_V_5_Gades_Ab_Occiduis_Insulae_Partibus_Cadiz,Vol_V,Cadiz (Spain),0,n/a,n/a,yes,landscape,no,"Cadiz surroundings with a chapel (Gades ab occiduis insulae partibus); landscape, not a city view",distant_city_view,TRUE,197,137,232,1597,Vol V (5) Gades Ab Occiduis Insulae Partibus (Cadiz).,12126499_Vol_V_5_Gades_Ab_Occiduis_Insulae_Partibus_Cadiz.jpg
242,12126501_Vol_V_6_Cadiz,Vol_V,Cadiz (Spain),1,no,no,partly,profile,no,Cadiz distant profile above; genre scene below,distant_city_view,TRUE,198,127,329,1597,Vol V (6) Cadiz.,12126501_Vol_V_6_Cadiz.jpg
243,12126503_Vol_V_7_Sevilla_Seville,Vol_V,Seville (Spain),1,no,no,no,landscape,no,Seville (Hoefnagel); distant landscape with large figures,distant_city_view,TRUE,335,229,393,1597,Vol V (7) Sevilla (Seville).,12126503_Vol_V_7_Sevilla_Seville.jpg
244,12126505_Vol_V_8_San_Juan_del_Foratche_San_Juan_de_Aznalfarache_Jeren,Vol_V,San Juan de Aznalfarache (Spain); Gerena (Spain); Seville (Spain),3,yes,no,no,landscape,after cropping,"San Juan del Foratche, Lebrija and a third small town; landscape strips beside the Giralda",not_reviewed_assumed_city_view,TRUE,378,236,588,1597,Vol V (8) San Juan del Foratche (San Juan de Aznalfarache). Jerenna (Gerena). Turris Templi Majoris Hispalensis (Seville).,12126505_Vol_V_8_San_Juan_del_Foratche_San_Juan_de_Aznalfarache_Jeren.jpg
245,12126507_Vol_V_9_Archidona,Vol_V,Archidona (Spain),1,no,no,no,landscape,no,Archidona; landscape with rock vignettes,not_reviewed_assumed_city_view,TRUE,257,194,395,1597,Vol V (9) Archidona.,12126507_Vol_V_9_Archidona.jpg
246,12126509_Vol_V_10_Palacios_Los_Palcios_y_Villafranca_Alcanerilla_Alca,Vol_V,Los Palcios y Villafranca (Spain); Alcantarilla (Spain); Las Cabezas de San Juan (Spain),3,yes,no,no,landscape,after cropping,"Los Palacios, Alcanerilla(?), Las Cabezas; landscape strips",not_reviewed_assumed_city_view,TRUE,206,155,239,1597,Vol V (10) Palacios (Los Palcios y Villafranca). Alcanerilla (Alcantarilla). Cabecas (Las Cabezas de San Juan).,12126509_Vol_V_10_Palacios_Los_Palcios_y_Villafranca_Alcanerilla_Alca.jpg
247,12126511_Vol_V_11_Hardales_Ardales_Cartama,Vol_V,Ardales (Spain); Cartama (Spain),2,yes,no,no,landscape,after cropping,Ardales and Cartama; landscape,not_reviewed_assumed_city_view,TRUE,284,213,429,1597,Vol V (11) Hardales (Ardales). Cartama.,12126511_Vol_V_11_Hardales_Ardales_Cartama.jpg
248,12126513_Vol_V_12_Bornnes_Bornos_Zahara,Vol_V,Bornos (Spain); Zahara (Spain),2,yes,no,no,landscape,after cropping,Bornos and Zahara; landscape,not_reviewed_assumed_city_view,TRUE,138,91,248,1597,Vol V (12) Bornnes (Bornos). Zahara.,12126513_Vol_V_12_Bornnes_Bornos_Zahara.jpg
249,12126515_Vol_V_13_Granata_Granada,Vol_V,Granada (Spain),1,no,no,no,landscape,no,Granada; distant landscape,distant_city_view,TRUE,417,344,583,1617,Vol V (13) Granata (Granada).,12126515_Vol_V_13_Granata_Granada.jpg
250,12126517_Vol_V_14_Amoenissimus_castri_Granatensis_Granada,Vol_V,Granada (Spain),0,n/a,n/a,yes,landscape,no,"Alhambra/castle of Granada with vignettes; castle landscape, not a city view",partial_city_view,TRUE,167,98,185,1597,Vol V (14) Amoenissimus castri Granatensis (Granada).,12126517_Vol_V_14_Amoenissimus_castri_Granatensis_Granada.jpg
251,12126519_Vol_V_15_Toletum_Toledo,Vol_V,Toledo (Spain),1,no,partly,no,oblique_distant,with caution,Toledo; distant bird's-eye with two building elevations below,detailed_city_view,TRUE,849,730,1132,1597,Vol V (15) Toletum (Toledo).,12126519_Vol_V_15_Toletum_Toledo.jpg
252,12126521_Vol_V_16_La_Sierra_de_Sant_Adrian_en_Biscaia_San_Adrian,Vol_V,San Adrian (Spain),0,n/a,n/a,yes,none,no,Sierra de San Adrian mountain pass with costume figures; not a city,not_reviewed_assumed_city_view,TRUE,163,51,226,1597,Vol V (16) La Sierra de Sant Adrian en Biscaia (San Adrian),12126521_Vol_V_16_La_Sierra_de_Sant_Adrian_en_Biscaia_San_Adrian.jpg
253,12126523_Vol_V_17_Saintes,Vol_V,Saintes (France),1,no,yes,no,plan_birdseye,yes,Saintes,not_reviewed_assumed_city_view,TRUE,1363,1186,1441,1597,Vol V (17) Saintes.,12126523_Vol_V_17_Saintes.jpg
254,12126525_Vol_V_18_Pictavia_Poitiers_Propectus_Montis_Henrici_Henriche,Vol_V,Poitiers (France); Henrichemont (France),1,no,no,no,profile,no,Poitiers; distant profile with dolmen vignettes,not_reviewed_assumed_city_view,TRUE,472,347,467,1597,Vol V (18) Pictavia (Poitiers). Propectus Montis Henrici (Henrichemont).,12126525_Vol_V_18_Pictavia_Poitiers_Propectus_Montis_Henrici_Henriche.jpg
255,12126527_Vol_V_19_Lugdunum_Lyon_Vienna_Vienne,Vol_V,Lyon (France); Vienne (France),2,yes,no,no,landscape,after cropping,Lyon and Vienne; distant landscape,not_reviewed_assumed_city_view,TRUE,417,323,543,1597,Vol V (19) Lugdunum (Lyon). Vienna (Vienne).,12126527_Vol_V_19_Lugdunum_Lyon_Vienna_Vienne.jpg
256,12126529_Vol_V_20_Turones_Tours_Andegavum_Angiers,Vol_V,Tours (France); Angiers (France),2,yes,no,no,profile,after cropping,Tours and Angers; profiles,not_reviewed_assumed_city_view,TRUE,596,349,742,1597,Vol V (20) Turones (Tours). Andegavum (Angiers).,12126529_Vol_V_20_Turones_Tours_Andegavum_Angiers.jpg
257,12126531_Vol_V_21_Cambray,Vol_V,Cambrai (France),1,no,yes,no,plan_birdseye,yes,Cambrai,not_reviewed_assumed_city_view,TRUE,2317,2153,2112,1597,Vol V (21) Cambray.,12126531_Vol_V_21_Cambray.jpg
258,12126533_Vol_V_22_Caletum_Calais,Vol_V,Calais (France),1,no,yes,no,plan_birdseye,yes,Calais,not_reviewed_assumed_city_view,TRUE,573,501,619,1597,Vol V (22) Caletum (Calais).,12126533_Vol_V_22_Caletum_Calais.jpg
259,12126535_Vol_V_23_Lucenburgum_Luxembourg_Mansfeldiae_Mansfeld_Egle_Ig,Vol_V,Luxembourg (Luxembourg); Mansfeld (Luxembourg); Igel (Germany),1,no,partly,no,oblique_distant,with caution,Luxembourg; distant oblique plus Igel column and villa vignettes,multi_city_plate,TRUE,367,225,363,1597,Vol V (23) Lucenburgum (Luxembourg). Mansfeldiae (Mansfeld). Egle (Igel).,12126535_Vol_V_23_Lucenburgum_Luxembourg_Mansfeldiae_Mansfeld_Egle_Ig.jpg
260,12126537_Vol_V_24_Cocheimensis_Cochem_Meyfeldensi_Munstermaifeld,Vol_V,Cochem (Germany); Munstermaifeld (Germany),2,yes,partly,no,mixed,after cropping,Cochem profile; Mayen plan,not_reviewed_assumed_city_view,TRUE,506,406,637,1597,Vol V (24) Cocheimensis (Cochem). Meyfeldensi (Munstermaifeld).,12126537_Vol_V_24_Cocheimensis_Cochem_Meyfeldensi_Munstermaifeld.jpg
261,12126539_Vol_V_25_Cel_Im_Ham_Zell_Berncastel_Bernkastel_Manderscheidt,Vol_V,Zell (Germany); Bernkastel (Germany); Manderscheid (Germany),3,yes,no,no,landscape,after cropping,"Zell, Bernkastel, Manderscheid; landscape strips",not_reviewed_assumed_city_view,TRUE,309,218,397,1597,Vol V (25) Cel Im Ham (Zell). Berncastel (Bernkastel). Manderscheidt (Manderscheid).,12126539_Vol_V_25_Cel_Im_Ham_Zell_Berncastel_Bernkastel_Manderscheidt.jpg
262,12126541_Vol_V_26_Sarburg_Saarburg_Paltz_Pfalzel,Vol_V,Saarburg (Germany); Pfalzel (Germany),2,yes,partly,no,mixed,after cropping,Saarburg landscape; Pfalzel plan,not_reviewed_assumed_city_view,TRUE,209,146,237,1597,Vol V (26) Sarburg (Saarburg). Paltz (Pfalzel).,12126541_Vol_V_26_Sarburg_Saarburg_Paltz_Pfalzel.jpg
263,12126542_Vol_V_27_Antverpia_Antwerp,Vol_V,Antwerp (Belgium),0,n/a,n/a,yes,none,no,TEXT PAGE (Antwerp description); not a city view,text_only,FALSE,39,25,92,1597,Vol V (27) Antverpia (Antwerp).,12126542_Vol_V_27_Antverpia_Antwerp.jpg
264,12126546_Vol_V_28_Flissinga_Vlissingen,Vol_V,Vlissingen (Netherlands),1,no,yes,no,plan_birdseye,yes,Vlissingen,not_reviewed_assumed_city_view,TRUE,492,381,704,1597,Vol V (28) Flissinga (Vlissingen).,12126546_Vol_V_28_Flissinga_Vlissingen.jpg
265,12126548_Vol_V_29_Herderwyck_Harderwijk,Vol_V,Harderwijk (Netherlands),1,no,no,no,profile,no,"Harderwijk; one city shown twice, both profiles",not_reviewed_assumed_city_view,TRUE,378,268,450,1597,Vol V (29) Herderwyck (Harderwijk).,12126548_Vol_V_29_Herderwyck_Harderwijk.jpg
266,12126550_Vol_V_30_Othenarum_Odense,Vol_V,Odense (Denmark),1,no,yes,no,plan_birdseye,yes,Odense,not_reviewed_assumed_city_view,TRUE,957,883,1204,1597,Vol V (30) Othenarum (Odense).,12126550_Vol_V_30_Othenarum_Odense.jpg
267,12126552_Vol_V_31_Ekelenforda_Eckernforde,Vol_V,Eckernforde (Germany),1,no,yes,no,plan_birdseye,yes,Eckernforde,not_reviewed_assumed_city_view,TRUE,389,295,474,1597,Vol V (31) Ekelenforda (Eckernforde).,12126552_Vol_V_31_Ekelenforda_Eckernforde.jpg
268,12126554_Vol_V_32_Colding_Schlos_und_Stat_Kolding,Vol_V,Kolding (Denmark),1,no,yes,no,plan_birdseye,yes,Kolding,not_reviewed_assumed_city_view,TRUE,453,375,641,1597,Vol V (32) Colding Schlos und Stat (Kolding).,12126554_Vol_V_32_Colding_Schlos_und_Stat_Kolding.jpg
269,12126556_Vol_V_33_Elsenor_Helsingor_Ripen_Ribe,Vol_V,Helsingor (Denmark); Ribe (Denmark),2,yes,no,no,profile,after cropping,Helsingor and Ribe; profiles,not_reviewed_assumed_city_view,TRUE,580,498,622,1597,Vol V (33) Elsenor (Helsingor). Ripen (Ribe).,12126556_Vol_V_33_Elsenor_Helsingor_Ripen_Ribe.jpg
270,12126558_Vol_V_34_Oitinense_Eutin_Tonderensis_Tonder,Vol_V,Eutin (Germany); Tonder (Denmark),2,yes,yes,no,plan_birdseye,after cropping,Eutin and Tonder; two bird's-eye views,not_reviewed_assumed_city_view,TRUE,539,481,669,1597,Vol V (34) Oitinense (Eutin). Tonderensis (Tonder).,12126558_Vol_V_34_Oitinense_Eutin_Tonderensis_Tonder.jpg
271,12126560_Vol_V_35_Toninga_Eiderstadiae_Tonning_Husum,Vol_V,Tonning (Germany); Husum (Germany),2,yes,partly,no,oblique_distant,after cropping,Tonning and a second Eiderstedt town; oblique,not_reviewed_assumed_city_view,TRUE,167,120,310,1597,Vol V (35) Toninga Eiderstadiae (Tonning). Husum.,12126560_Vol_V_35_Toninga_Eiderstadiae_Tonning_Husum.jpg
272,12126562_Vol_V_36_Plona_Plon,Vol_V,Plon (Germany),1,no,partly,no,oblique_distant,with caution,Plon; small town in lake landscape,not_reviewed_assumed_city_view,TRUE,359,276,443,1597,Vol V (36) Plona (Plon).,12126562_Vol_V_36_Plona_Plon.jpg
273,12126564_Vol_V_37_Diuersi_Dithmarsorum_et_Vicinarum_Costumes_of_Dithm,Vol_V,Dithmarsch (Germany),0,n/a,n/a,yes,none,no,Dithmarschen costume plate; not a city,not_reviewed_assumed_city_view,TRUE,132,55,111,1597,Vol V (37) Diuersi Dithmarsorum et Vicinarum. (Costumes of Dithmarsch).,12126564_Vol_V_37_Diuersi_Dithmarsorum_et_Vicinarum_Costumes_of_Dithm.jpg
274,12126566_Vol_V_38_Heide_Meldorpiae_Meldorf,Vol_V,Heide (Germany); Meldorf (Germany),2,yes,yes,no,plan_birdseye,after cropping,Heide and Meldorf; two bird's-eye views,not_reviewed_assumed_city_view,TRUE,495,451,622,1597,Vol V (38) Heide. Meldorpiae (Meldorf).,12126566_Vol_V_38_Heide_Meldorpiae_Meldorf.jpg
275,12126568_Vol_V_39_Visbia_Gothorum_Visby_Gotland,Vol_V,Visby (Sweden),1,no,yes,no,plan_birdseye,yes,Visby,not_reviewed_assumed_city_view,TRUE,366,268,563,1597,"Vol V (39) Visbia Gothorum (Visby, Gotland).",12126568_Vol_V_39_Visbia_Gothorum_Visby_Gotland.jpg
276,12126570_Vol_V_40_Staden_Stade,Vol_V,Stade (Germany),1,no,yes,no,plan_birdseye,yes,Stade,not_reviewed_assumed_city_view,TRUE,1361,1290,1268,1597,Vol V (40) Staden (Stade).,12126570_Vol_V_40_Staden_Stade.jpg
277,12126572_Vol_V_41_Brema_Bremen,Vol_V,Bremen (Germany),1,no,yes,no,plan_birdseye,yes,Bremen,not_reviewed_assumed_city_view,TRUE,2321,2203,2286,1597,Vol V (41) Brema (Bremen).,12126572_Vol_V_41_Brema_Bremen.jpg
278,12126574_Vol_V_42_Luneborch_Luneburg,Vol_V,Luneburg (Germany),1,no,yes,no,plan_birdseye,yes,Luneburg,not_reviewed_assumed_city_view,TRUE,1516,1346,1603,1597,Vol V (42) Luneborch (Luneburg).,12126574_Vol_V_42_Luneborch_Luneburg.jpg
279,12126576_Vol_V_43_Ratzenburgk_Ratzeburg,Vol_V,Ratzeburg (Germany),1,no,yes,no,plan_birdseye,yes,Ratzeburg,not_reviewed_assumed_city_view,TRUE,359,297,336,1597,Vol V (43) Ratzenburgk (Ratzeburg).,12126576_Vol_V_43_Ratzenburgk_Ratzeburg.jpg
280,12126578_Vol_V_44_Bardewick_Bardowick,Vol_V,Bardowick (Germany),1,no,yes,no,plan_birdseye,yes,"Bardowick; small town, mostly fields",not_reviewed_assumed_city_view,TRUE,401,317,403,1597,Vol V (44) Bardewick (Bardowick).,12126578_Vol_V_44_Bardewick_Bardowick.jpg
281,12126580_Vol_V_45_Bardum_Barth,Vol_V,Barth (Germany),1,no,yes,no,plan_birdseye,yes,Barth,not_reviewed_assumed_city_view,TRUE,586,453,626,1597,Vol V (45) Bardum (Barth).,12126580_Vol_V_45_Bardum_Barth.jpg
282,12126581_Vol_V_44_Repeated_Bardewick_Bardowick,Vol_V,Bardowick (Germany),1,no,yes,no,plan_birdseye,yes,Bardowick; DUPLICATE scan of 280,not_reviewed_assumed_city_view,TRUE,412,329,420,1597,Vol V (44) (Repeated) Bardewick (Bardowick).,12126581_Vol_V_44_Repeated_Bardewick_Bardowick.jpg
283,12126583_Vol_V_46_Wiismaria_Wismar,Vol_V,Wismar (Germany),1,no,no,no,profile,no,Wismar; profile,distant_city_view,TRUE,292,196,329,1597,Vol V (46) Wiismaria (Wismar).,12126583_Vol_V_46_Wiismaria_Wismar.jpg
284,12126585_Vol_V_47_Rostochium_Urbs_Vandalica_Rostock,Vol_V,Rostock (Germany),1,no,no,no,profile,no,Rostock; profile,not_reviewed_assumed_city_view,TRUE,374,301,354,1597,Vol V (47) Rostochium Urbs Vandalica (Rostock).,12126585_Vol_V_47_Rostochium_Urbs_Vandalica_Rostock.jpg
285,12126587_Vol_V_48_Salinae_Saxonicae_Halle_Hildesheim,Vol_V,Halle (Germany); Hildesheim (Germany),2,yes,no,no,profile,after cropping,Halle and Hildesheim; profiles,not_reviewed_assumed_city_view,TRUE,422,338,479,1597,Vol V (48) Salinae Saxonicae (Halle). Hildesheim.,12126587_Vol_V_48_Salinae_Saxonicae_Halle_Hildesheim.jpg
286,12126589_Vol_V_49_Palatium_Imperatorum_Pragae_Prague,Vol_V,Prague (Czech Republic),1,no,no,partly,profile,no,"Prague; imperial palace elevation above, distant city profile below",not_reviewed_assumed_city_view,TRUE,587,459,592,1597,Vol V (49) Palatium Imperatorum Pragae (Prague).,12126589_Vol_V_49_Palatium_Imperatorum_Pragae_Prague.jpg
287,12126591_Vol_V_50_Die_Stat_Swybuschin_Swiebodzin,Vol_V,Swiebodzin (Poland),1,no,yes,no,plan_birdseye,yes,Swiebodzin,not_reviewed_assumed_city_view,TRUE,904,822,1013,1597,Vol V (50) Die Stat Swybuschin (Swiebodzin).,12126591_Vol_V_50_Die_Stat_Swybuschin_Swiebodzin.jpg
288,12126593_Vol_V_51_Ratisbona_Regensburg,Vol_V,Regensburg (Germany),1,no,no,no,profile,no,Regensburg; distant profile,not_reviewed_assumed_city_view,TRUE,476,403,476,1597,Vol V (51) Ratisbona (Regensburg).,12126593_Vol_V_51_Ratisbona_Regensburg.jpg
289,12126595_Vol_V_52_Linsum_Austriae_Linz,Vol_V,Linz (Austria),1,no,no,no,landscape,no,Linz; distant landscape,not_reviewed_assumed_city_view,TRUE,430,366,527,1597,Vol V (52) Linsum Austriae (Linz).,12126595_Vol_V_52_Linsum_Austriae_Linz.jpg
290,12126597_Vol_V_53_Gmunden,Vol_V,Gmunden (Austria),1,no,no,no,landscape,no,Gmunden; lake landscape,not_reviewed_assumed_city_view,TRUE,192,133,225,1597,Vol V (53) Gmunden.,12126597_Vol_V_53_Gmunden.jpg
291,12126599_Vol_V_54_Iaverinum_Gyor,Vol_V,Gyor (Hungary),1,no,partly,no,plan_birdseye,with caution,"Gyor; fortress town, distant",not_reviewed_assumed_city_view,TRUE,386,322,443,1597,Vol V (54) Iaverinum (Gyor).,12126599_Vol_V_54_Iaverinum_Gyor.jpg
292,12126601_Vol_V_55_Comorra_Komaron_Komarno,Vol_V,Komaron (Hungary); Komarno (Slovakia),1,no,partly,no,mixed,with caution,"Komarom; one place shown twice (profile above, bird's-eye of fortress below)",not_reviewed_assumed_city_view,TRUE,302,211,404,1597,"Vol V (55) Comorra (Komaron, Komarno).",12126601_Vol_V_55_Comorra_Komaron_Komarno.jpg
293,12126603_Vol_V_56_Owar_geranice_Nievhuisel_Nove_Zamky_Vizzegrad_Viseg,Vol_V,Nove Zamky (Slovakia); Visegrad (Hungary),2,yes,partly,partly,mixed,after cropping,Nove Zamky fortress plan; Visegrad landscape,not_reviewed_assumed_city_view,TRUE,421,323,528,1597,Vol V (56) Owar geranice Nievhuisel (Nove Zamky). Vizzegrad (Visegrad).,12126603_Vol_V_56_Owar_geranice_Nievhuisel_Nove_Zamky_Vizzegrad_Viseg.jpg
294,12126605_Vol_V_57_Strigonium_Gran_Esztergom,Vol_V,Esztergom (Hungary),1,no,partly,no,oblique_distant,with caution,"Esztergom; one city shown twice, distant",not_reviewed_assumed_city_view,TRUE,281,117,337,1597,Vol V (57) Strigonium Gran (Esztergom).,12126605_Vol_V_57_Strigonium_Gran_Esztergom.jpg
295,12126607_Vol_V_58_Elgantissimus_a_parte_Orientali_Oenipontis_Innsbruc,Vol_V,Innsbruck (Austria),0,n/a,n/a,yes,landscape,no,"Ambras castle near Innsbruck; castle landscape, not a city",not_reviewed_assumed_city_view,TRUE,114,71,314,1597,Vol V (58) Elgantissimus a parte Orientali Oenipontis (Innsbruck).,12126607_Vol_V_58_Elgantissimus_a_parte_Orientali_Oenipontis_Innsbruc.jpg
296,12126609_Vol_V_59_Oeniponticae_Zirl_Schlosberg_Schlossberg_bei_Seefel,Vol_V,Zirl (Germany); Schlossberg bei Seefeld (Germany),0,n/a,n/a,yes,landscape,no,"Zirl and Schlossberg; Alpine landscape, not a city",not_reviewed_assumed_city_view,TRUE,198,127,417,1597,Vol V (59) Oeniponticae (Zirl). Schlosberg (Schlossberg bei Seefeld).,12126609_Vol_V_59_Oeniponticae_Zirl_Schlosberg_Schlossberg_bei_Seefel.jpg
297,12126611_Vol_V_60_Venetos_Venice,Vol_V,Venice (Italy),0,n/a,n/a,yes,none,no,"Venice: St Mark's square and the 1577 palace fire; buildings/event, not a city view",not_reviewed_assumed_city_view,TRUE,326,192,642,1597,Vol V (60) Venetos (Venice).,12126611_Vol_V_60_Venetos_Venice.jpg
298,12126613_Vol_V_61_Caprarola_Arx_et_Horti_Farnesiani_Caprarola_Palazzo,Vol_V,Caprarola (Italy),0,n/a,n/a,yes,none,no,Caprarola palace and gardens; not a city,not_reviewed_assumed_city_view,TRUE,317,224,414,1597,Vol V (61) Caprarola Arx et Horti Farnesiani (Caprarola Palazzo Farnese).,12126613_Vol_V_61_Caprarola_Arx_et_Horti_Farnesiani_Caprarola_Palazzo.jpg
299,12126615_Vol_V_62_Fondi,Vol_V,Fondi (Italy),1,no,no,no,landscape,no,Fondi; landscape,not_reviewed_assumed_city_view,TRUE,160,90,518,1597,Vol V (62) Fondi.,12126615_Vol_V_62_Fondi.jpg
300,12126617_Vol_V_63_Aquapendente_Acquapendente_Tarvisi_Treviso,Vol_V,Acquapendente (Italy); Treviso (Italy),2,yes,no,no,landscape,after cropping,Acquapendente and Farnese; landscape,not_reviewed_assumed_city_view,TRUE,211,151,335,1597,Vol V (63) Aquapendente (Acquapendente). Tarvisi (Treviso).,12126617_Vol_V_63_Aquapendente_Acquapendente_Tarvisi_Treviso.jpg
301,12126619_Vol_V_64_Nocerra_Nocera_Umbra_Castel_Novo_Castelnuovo_di_Por,Vol_V,Nocera Umbra (Italy); Rome (Italy),2,yes,no,no,landscape,after cropping,Nocera Umbra and Castelnuovo; landscape,not_reviewed_assumed_city_view,TRUE,347,277,387,1597,Vol V (64) Nocerra (Nocera Umbra). Castel Novo (Castelnuovo di Porto).,12126619_Vol_V_64_Nocerra_Nocera_Umbra_Castel_Novo_Castelnuovo_di_Por.jpg
302,12126621_Vol_V_65_Neapolis_Naples,Vol_V,Naples (Italy),1,no,no,partly,landscape,no,"Naples seen from Posillipo; bay and Vesuvius landscape, city tiny",partial_city_view,TRUE,193,94,310,1597,Vol V (65) Neapolis (Naples).,12126621_Vol_V_65_Neapolis_Naples.jpg
303,12126623_Vol_V_66_Calatia_Caiazzo,Vol_V,Caiazzo (Italy),1,no,yes,no,plan_birdseye,yes,Caiazzo; small town plan,not_reviewed_assumed_city_view,TRUE,819,738,657,1597,Vol V (66) Calatia (Caiazzo).,12126623_Vol_V_66_Calatia_Caiazzo.jpg
304,12126625_Vol_V_67_Gallipolis_Gallipoli,Vol_V,Gallipoli (Italy),1,no,yes,no,plan_birdseye,yes,Gallipoli,not_reviewed_assumed_city_view,TRUE,367,264,401,1597,Vol V (67) Gallipolis (Gallipoli),12126625_Vol_V_67_Gallipolis_Gallipoli.jpg
305,12126627_Vol_V_68_Palma_Palmanova,Vol_V,Palmanova (Italy),1,no,yes,no,plan_birdseye,yes,Palmanova,not_reviewed_assumed_city_view,TRUE,970,859,1018,1597,Vol V (68) Palma (Palmanova).,12126627_Vol_V_68_Palma_Palmanova.jpg
306,12126629_Vol_V_69_Catana_Urbs_Siciliae_Catania,Vol_V,Catania (Italy),1,no,yes,no,plan_birdseye,yes,Catania,not_reviewed_assumed_city_view,TRUE,1848,1695,1558,1597,Vol V (69) Catana Urbs Siciliae (Catania).,12126629_Vol_V_69_Catana_Urbs_Siciliae_Catania.jpg
307,12126635_Vol_VI_A_Londinum_Feracissimi_London,Vol_VI,London (England),1,no,yes,no,plan_birdseye,yes,London,not_reviewed_assumed_city_view,TRUE,3066,2933,2668,1579,Vol VI (A) Londinum Feracissimi (London).,12126635_Vol_VI_A_Londinum_Feracissimi_London.jpg
308,12126637_Vol_VI_1_Civitas_Exoniae_Exeter,Vol_VI,Exeter (England),1,no,yes,no,plan_birdseye,yes,Exeter,not_reviewed_assumed_city_view,TRUE,819,644,840,1618,Vol VI (1) Civitas Exoniae (Exeter).,12126637_Vol_VI_1_Civitas_Exoniae_Exeter.jpg
309,12126639_Vol_VI_2_Yorke_York_Shrowesbury_Shrewsbury_Lancaster_Richmon,Vol_VI,York (England); Shrewsbury (England); Lancaster (England); Richmond (England),3,yes,partly,partly,plan_birdseye,after cropping,"York, Shrewsbury, Lancaster small plans; plus Richmond Palace elevation",not_reviewed_assumed_city_view,TRUE,748,636,740,1618,Vol VI (2) Yorke (York). Shrowesbury (Shrewsbury). Lancaster. Richmont (Richmond).,12126639_Vol_VI_2_Yorke_York_Shrowesbury_Shrewsbury_Lancaster_Richmon.jpg
310,12126641_Vol_VI_3_Galwaye_Galway_Dubline_Dublin_Lymericke_Limerick_Co,Vol_VI,Galway (Ireland); Dublin (Ireland); Limerick (Ireland); Cork (Ireland),4,yes,partly,no,plan_birdseye,after cropping,"Galway, Dublin, Limerick, Cork; small plans",not_reviewed_assumed_city_view,TRUE,1264,1131,1068,1618,Vol VI (3) Galwaye (Galway). Dubline (Dublin). Lymericke (Limerick). Corcke (Cork).,12126641_Vol_VI_3_Galwaye_Galway_Dubline_Dublin_Lymericke_Limerick_Co.jpg
311,12126643_Vol_VI_4_Scenographia_Escoriali_Escorial,Vol_VI,Escorial (Spain),0,n/a,n/a,yes,none,no,Escorial palace; not a city,not_reviewed_assumed_city_view,TRUE,381,200,449,1618,Vol VI (4) Scenographia ... Escoriali (Escorial).,12126643_Vol_VI_4_Scenographia_Escoriali_Escorial.jpg
312,12126645_Vol_VI_5_Corduba_Cordoba,Vol_VI,Cordoba (Spain),1,no,partly,no,oblique_distant,with caution,Cordoba,not_reviewed_assumed_city_view,TRUE,279,170,367,1618,Vol VI (5) Corduba (Cordoba),12126645_Vol_VI_5_Corduba_Cordoba.jpg
313,12126647_Vol_VI_6_Portrait_des_Chasteaux_Royaux_de_Sainct_Germain_En_,Vol_VI,Saint-Germain-en-Laye (France); Fontainebleau (France),0,n/a,n/a,yes,none,no,"Chateaux of Saint-Germain and Fontainebleau; palaces, not cities",not_reviewed_assumed_city_view,TRUE,745,555,847,1618,Vol VI (6) Portrait des Chasteaux Royaux de Sainct Germain En Laye (Saint-Germain-en-Laye). Portrait de la Maison Royale de Fontaine Belleau (Fontainebleau).,12126647_Vol_VI_6_Portrait_des_Chasteaux_Royaux_de_Sainct_Germain_En_.jpg
314,12126649_Vol_VI_7_Urbis_Nancei_Nancy,Vol_VI,Nancy (France),1,no,yes,no,plan_birdseye,yes,Nancy,not_reviewed_assumed_city_view,TRUE,1832,1479,2079,1618,Vol VI (7) Urbis Nancei (Nancy).,12126649_Vol_VI_7_Urbis_Nancei_Nancy.jpg
315,12126651_Vol_VI_8_Description_de_la_Ville_de_Bar_Faicte_L_an_1617_Bar,Vol_VI,Bar-le Duc (France),1,no,yes,no,plan_birdseye,yes,Bar-le-Duc; small image,not_reviewed_assumed_city_view,TRUE,771,509,849,1618,Vol VI (8) Description de la Ville de Bar Faicte L'an 1617 (Bar-le Duc).,12126651_Vol_VI_8_Description_de_la_Ville_de_Bar_Faicte_L_an_1617_Bar.jpg
316,12126653_Vol_VI_9_Hagae_Comitis_The_Hague,Vol_VI,The Hague (Netherlands),1,no,yes,no,plan_birdseye,yes,The Hague,not_reviewed_assumed_city_view,TRUE,2708,2491,2952,1618,Vol VI (9) Hagae Comitis (The Hague).,12126653_Vol_VI_9_Hagae_Comitis_The_Hague.jpg
317,12126655_Vol_VI_10_Amstelodamum_Amsterdam,Vol_VI,Amsterdam (Netherlands),1,no,yes,no,plan_birdseye,yes,Amsterdam (1617 plan with new fortifications),distant_city_view,TRUE,203,125,363,1618,Vol VI (10) Amstelodamum (Amsterdam).,12126655_Vol_VI_10_Amstelodamum_Amsterdam.jpg
318,12126657_Vol_VI_11_Ostenda_Ostend,Vol_VI,Ostend (Belgium),1,no,yes,no,plan_birdseye,yes,Ostend; siege-period fortification plan,not_reviewed_assumed_city_view,TRUE,680,541,616,1618,Vol VI (11) Ostenda (Ostend).,12126657_Vol_VI_11_Ostenda_Ostend.jpg
319,12126659_Vol_VI_12_Dillenburg_Segen_Siegen,Vol_VI,Dillenburg (Germany); Siegen (Germany),2,yes,partly,no,oblique_distant,after cropping,Dillenburg and Siegen,not_reviewed_assumed_city_view,TRUE,278,201,422,1618,Vol VI (12) Dillenburg. Segen (Siegen).,12126659_Vol_VI_12_Dillenburg_Segen_Siegen.jpg
320,12126661_Vol_VI_13_Budingen,Vol_VI,Budingen (Germany),1,no,no,no,landscape,no,Budingen; landscape,not_reviewed_assumed_city_view,TRUE,302,227,345,1618,Vol VI (13) Budingen.,12126661_Vol_VI_13_Budingen.jpg
321,12126663_Vol_VI_14_Scopa_vulgo_Schvepa_Zschopau,Vol_VI,Zschopau (Germany),1,no,partly,no,oblique_distant,with caution,Zschopau(?) (Scopa vulgo Schvepa); castle and town,not_reviewed_assumed_city_view,TRUE,195,133,303,1618,Vol VI (14) Scopa vulgo Schvepa (Zschopau).,12126663_Vol_VI_14_Scopa_vulgo_Schvepa_Zschopau.jpg
322,12126665_Vol_VI_15_Bambergae_Bamberg,Vol_VI,Bamberg (Germany),1,no,yes,no,plan_birdseye,yes,Bamberg,not_reviewed_assumed_city_view,TRUE,2319,2118,2536,1618,Vol VI (15) Bambergae (Bamberg).,12126665_Vol_VI_15_Bambergae_Bamberg.jpg
323,12126667_Vol_VI_16_Hailbrunna_Heilbronn_Mulhusium_Mulhouse_Revtlinga_,Vol_VI,Heilbronn (Germany); Mulhouse (France); Reutlingen (Germany),3,yes,partly,no,mixed,after cropping,Heilbronn bird's-eye; Muhlhausen and Reutlingen profiles,not_reviewed_assumed_city_view,TRUE,834,729,974,1618,Vol VI (16) Hailbrunna (Heilbronn). Mulhusium (Mulhouse). Revtlinga (Reutlingen).,12126667_Vol_VI_16_Hailbrunna_Heilbronn_Mulhusium_Mulhouse_Revtlinga_.jpg
324,12126669_Vol_VI_17_Lipsiae_Leipzig,Vol_VI,Leipzig (Germany),1,no,yes,no,plan_birdseye,yes,Leipzig,not_reviewed_assumed_city_view,TRUE,576,463,827,1618,Vol VI (17) Lipsiae (Leipzig).,12126669_Vol_VI_17_Lipsiae_Leipzig.jpg
325,12126671_Vol_VI_18_Nissa_Nysa_Liginicium_Legnica,Vol_VI,Nysa (Poland); Legnica (Poland),2,yes,no,no,profile,after cropping,Nysa and Legnica; profiles,not_reviewed_assumed_city_view,TRUE,391,276,392,1618,Vol VI (18) Nissa (Nysa). Liginicium (Legnica).,12126671_Vol_VI_18_Nissa_Nysa_Liginicium_Legnica.jpg
326,12126673_Vol_VI_19_Marienberg,Vol_VI,Marienberg (Germany),1,no,partly,no,oblique_distant,with caution,Marienberg,not_reviewed_assumed_city_view,TRUE,354,288,452,1618,Vol VI (19) Marienberg.,12126673_Vol_VI_19_Marienberg.jpg
327,12126675_Vol_VI_20_Penigk_Penig,Vol_VI,Penig (Germany),1,no,no,no,landscape,no,Penig; landscape,not_reviewed_assumed_city_view,TRUE,183,119,253,1618,Vol VI (20) Penigk (Penig).,12126675_Vol_VI_20_Penigk_Penig.jpg
328,12126677_Vol_VI_21_Vienna_Austriae_Vienna,Vol_VI,Vienna (Austria),1,no,yes,no,plan_birdseye,yes,Vienna,not_reviewed_assumed_city_view,TRUE,2127,1921,1868,1618,Vol VI (21) Vienna Austriae (Vienna).,12126677_Vol_VI_21_Vienna_Austriae_Vienna.jpg
329,12126679_Vol_VI_22_Eisenstadium_Eisenstadt_Mannersdorf,Vol_VI,Eisenstadt (Austria); Mannersdorf (Austria),2,yes,no,no,landscape,after cropping,Eisenstadt and Mannersdorf; landscape,not_reviewed_assumed_city_view,TRUE,430,350,525,1618,Vol VI (22) Eisenstadium (Eisenstadt). Mannersdorf.,12126679_Vol_VI_22_Eisenstadium_Eisenstadt_Mannersdorf.jpg
330,12126681_Vol_VI_23_Ens_Austriae_Civitas_Enns,Vol_VI,Enns (Austria),1,no,no,no,profile,no,Enns; distant profile,not_reviewed_assumed_city_view,TRUE,215,148,315,1618,Vol VI (23) Ens Austriae Civitas (Enns).,12126681_Vol_VI_23_Ens_Austriae_Civitas_Enns.jpg
331,12126683_Vol_VI_24_S_Polid_vulgo_Sanpolten_Sankt_Polten,Vol_VI,Sankt Polten (Austria),1,no,no,no,profile,no,St Polten; distant profile,not_reviewed_assumed_city_view,TRUE,245,188,292,1618,Vol VI (24) S. Polid vulgo Sanpolten (Sankt Polten).,12126683_Vol_VI_24_S_Polid_vulgo_Sanpolten_Sankt_Polten.jpg
332,12126685_Vol_VI_25_Czaslavium_Caslav_Commoda_Chomutov,Vol_VI,Caslav (Czech Republic); Chomutov (Czech Republic),2,yes,no,no,landscape,after cropping,Caslav and Chomutov; landscape,not_reviewed_assumed_city_view,TRUE,361,272,383,1618,Vol VI (25) Czaslavium (Caslav). Commoda (Chomutov).,12126685_Vol_VI_25_Czaslavium_Caslav_Commoda_Chomutov.jpg
333,12126687_Vol_VI_26_Lavna_Louny_Schlanium_Slany,Vol_VI,Louny (Czech Republic); Slany (Czech Republic),2,yes,no,no,landscape,after cropping,Louny and Slany; landscape,not_reviewed_assumed_city_view,TRUE,485,351,554,1618,Vol VI (26) Lavna (Louny). Schlanium (Slany).,12126687_Vol_VI_26_Lavna_Louny_Schlanium_Slany.jpg
334,12126689_Vol_VI_27_Polna,Vol_VI,Polna (Czech Republic),1,no,no,no,landscape,no,Polna; landscape (scan truncated at bottom),NA,NA,NA,NA,NA,1618,Vol VI (27) Polna.,12126689_Vol_VI_27_Polna.jpg
335,12126691_Vol_VI_28_Znaymum_Znojmo,Vol_VI,Znojmo (Czech Republic),1,no,partly,no,oblique_distant,with caution,Znojmo,not_reviewed_assumed_city_view,TRUE,288,220,409,1618,Vol VI (28) Znaymum (Znojmo).,12126691_Vol_VI_28_Znaymum_Znojmo.jpg
336,12126693_Vol_VI_29_Brunn_Brno,Vol_VI,Brno (Czech Republic),1,no,no,no,profile,no,Brno; elevated profile,not_reviewed_assumed_city_view,TRUE,354,207,411,1618,Vol VI (29) Brunn (Brno).,12126693_Vol_VI_29_Brunn_Brno.jpg
337,12126695_Vol_VI_30_Buda_Budapest,Vol_VI,Budapest (Hungary),1,no,partly,no,oblique_distant,with caution,Buda with Pest; distant bird's-eye,not_reviewed_assumed_city_view,TRUE,611,460,626,1618,Vol VI (30) Buda (Budapest).,12126695_Vol_VI_30_Buda_Budapest.jpg
338,12126697_Vol_VI_31_Cassovia_Kosice,Vol_VI,Kosice (Slovakia),1,no,partly,no,oblique_distant,with caution,Kosice,not_reviewed_assumed_city_view,TRUE,137,95,308,1618,Vol VI (31) Cassovia (Kosice),12126697_Vol_VI_31_Cassovia_Kosice.jpg
339,12126699_Vol_VI_32_Agria_Eger,Vol_VI,Eger (Hungary),1,no,no,partly,landscape,no,"Eger (Hungary); fortress dominates, town small",not_reviewed_assumed_city_view,TRUE,233,166,398,1618,Vol VI (32) Agria (Eger).,12126699_Vol_VI_32_Agria_Eger.jpg
340,12126701_Vol_VI_33_Zolnock_Szolnok,Vol_VI,Szolnok (Hungary),1,no,yes,no,plan_birdseye,yes,Szolnok; fortress and town,not_reviewed_assumed_city_view,TRUE,466,296,374,1618,Vol VI (33) Zolnock (Szolnok).,12126701_Vol_VI_33_Zolnock_Szolnok.jpg
341,12126703_Vol_VI_34_Dotis_Tata,Vol_VI,Tata (Hungary),1,no,no,partly,landscape,no,"Tata; fortress in landscape, little town",not_reviewed_assumed_city_view,TRUE,233,178,255,1618,Vol VI (34) Dotis (Tata).,12126703_Vol_VI_34_Dotis_Tata.jpg
342,12126705_Vol_VI_35_Papa,Vol_VI,Papa (Hungary),1,no,yes,no,plan_birdseye,yes,Papa,not_reviewed_assumed_city_view,TRUE,261,158,364,1618,Vol VI (35) Papa.,12126705_Vol_VI_35_Papa.jpg
343,12126707_Vol_VI_36_Petrina_Petrinja,Vol_VI,Petrinja (Croatia),2,yes,partly,partly,plan_birdseye,after cropping,Petrinja: Turkish fort landscape and Christian fort plan; military forts,not_reviewed_assumed_city_view,TRUE,123,83,127,1618,Vol VI (36) Petrina (Petrinja).,12126707_Vol_VI_36_Petrina_Petrinja.jpg
344,12126709_Vol_VI_37_Santonicolaum_Torokszentmiklos,Vol_VI,Torokszentmiklos (Hungary),1,no,yes,partly,plan_birdseye,yes,Torokszentmiklos; fortress plan,not_reviewed_assumed_city_view,TRUE,149,71,240,1618,Vol VI (37) Santonicolaum (Torokszentmiklos).,12126709_Vol_VI_37_Santonicolaum_Torokszentmiklos.jpg
345,12126711_Vol_VI_38_Zaros_Sarosd,Vol_VI,Sarosd (Hungary),0,n/a,n/a,yes,landscape,no,"Saros castle (Zaros); castle landscape, not a town",not_reviewed_assumed_city_view,TRUE,144,84,289,1618,Vol VI (38) Zaros (Sarosd).,12126711_Vol_VI_38_Zaros_Sarosd.jpg
346,12126713_Vol_VI_39_Palanka_Dregelypalank,Vol_VI,Dregelypalank (Hungary),1,no,no,no,landscape,no,Dregelypalank; village in landscape,not_reviewed_assumed_city_view,TRUE,131,82,305,1618,Vol VI (39) Palanka (Dregelypalank).,12126713_Vol_VI_39_Palanka_Dregelypalank.jpg
347,12126715_Vol_VI_40_Varadinum_Oradea,Vol_VI,Oradea (Romania),1,no,yes,no,plan_birdseye,yes,Oradea; fortress and town,not_reviewed_assumed_city_view,TRUE,445,329,498,1618,Vol VI (40) Varadinum (Oradea).,12126715_Vol_VI_40_Varadinum_Oradea.jpg
348,12126717_Vol_VI_41_Claudiopolis_Cluj_Napoca,Vol_VI,Cluj-Napoca (Romania),1,no,partly,no,oblique_distant,with caution,Cluj,not_reviewed_assumed_city_view,TRUE,304,238,643,1618,Vol VI (41) Claudiopolis (Cluj-Napoca).,12126717_Vol_VI_41_Claudiopolis_Cluj_Napoca.jpg
349,12126718_Vol_VI_41A_Cracovia_Metropolis_Krakow,Vol_VI,Krakow (Poland),1,no,partly,no,oblique_distant,with caution,Krakow (Metropolis); distant bird's-eye,detailed_city_view,TRUE,1100,919,896,1618,Vol VI (41A) Cracovia Metropolis (Krakow).,12126718_Vol_VI_41A_Cracovia_Metropolis_Krakow.jpg
350,12126720_Vol_VI_42_Castanowiz_Kostajnica,Vol_VI,Kostajnica (Croatia),1,no,no,no,landscape,no,Kostajnica; landscape,not_reviewed_assumed_city_view,TRUE,216,166,401,1618,Vol VI (42) Castanowiz (Kostajnica).,12126720_Vol_VI_42_Castanowiz_Kostajnica.jpg
351,12126723_Vol_VI_43_Cracovia_Krakow,Vol_VI,Krakow (Poland),1,no,no,no,profile,no,Krakow; profile,distant_city_view,TRUE,275,156,316,1618,Vol VI (43) Cracovia (Krakow).,12126723_Vol_VI_43_Cracovia_Krakow.jpg
352,12126725_Vol_VI_45_Mons_Calvariae_Kalwarya_Zebrzydowska,Vol_VI,Kalwarya Zebrzydowska (Poland),0,n/a,n/a,yes,landscape,no,Kalwaria Zebrzydowska pilgrimage hill; not a city,non_city_view,FALSE,187,113,163,1618,Vol VI (45) Mons Calvariae (Kalwarya Zebrzydowska).,12126725_Vol_VI_45_Mons_Calvariae_Kalwarya_Zebrzydowska.jpg
353,12126727_Vol_VI_46_Posnania_Poznan_Crosno_Krosno,Vol_VI,Poznan (Poland); Krosno (Poland),2,yes,partly,no,mixed,after cropping,Poznan bird's-eye; Krosno profile,not_reviewed_assumed_city_view,TRUE,1212,1053,1379,1618,Vol VI (46) Posnania (Poznan). Crosno (Krosno).,12126727_Vol_VI_46_Posnania_Poznan_Crosno_Krosno.jpg
354,12126729_Vol_VI_47_Varsovia_Warsaw,Vol_VI,Warsaw (Poland),1,no,no,no,profile,no,Warsaw; river profile,not_reviewed_assumed_city_view,TRUE,295,207,274,1618,Vol VI (47) Varsovia (Warsaw).,12126729_Vol_VI_47_Varsovia_Warsaw.jpg
355,12126731_Vol_VI_48_Tipus_Civitatis_Lublinensis_Lublin,Vol_VI,Lublin (Poland),1,no,no,no,profile,no,Lublin; profile,not_reviewed_assumed_city_view,TRUE,672,527,837,1618,Vol VI (48) Tipus Civitatis Lublinensis (Lublin).,12126731_Vol_VI_48_Tipus_Civitatis_Lublinensis_Lublin.jpg
356,12126733_Vol_VI_49_Leopolis_Lviv,Vol_VI,Lviv (Ukraine),1,no,no,no,profile,no,Lviv; profile,not_reviewed_assumed_city_view,TRUE,396,327,461,1618,Vol VI (49) Leopolis (Lviv).,12126733_Vol_VI_49_Leopolis_Lviv.jpg
357,12126735_Vol_VI_50_Sendomiria_Sendmierz_Biecz,Vol_VI,Sendmierz (Poland); Biecz (Poland),2,yes,no,no,profile,after cropping,Sandomierz and Biecz; profiles,not_reviewed_assumed_city_view,TRUE,310,116,331,1618,Vol VI (50) Sendomiria (Sendmierz). Biecz.,12126735_Vol_VI_50_Sendomiria_Sendmierz_Biecz.jpg
358,12126737_Vol_VI_51_Lovicensis_Lowicz,Vol_VI,Lowicz (Poland),1,no,yes,no,plan_birdseye,yes,Lowicz,not_reviewed_assumed_city_view,TRUE,586,480,817,1618,Vol VI (51) Lovicensis (Lowicz).,12126737_Vol_VI_51_Lovicensis_Lowicz.jpg
359,12126739_Vol_VI_52_Premislia_Przemysl,Vol_VI,Przemysl (Poland),1,no,partly,no,oblique_distant,with caution,Przemysl,not_reviewed_assumed_city_view,TRUE,280,102,328,1618,Vol VI (52) Premislia (Przemysl).,12126739_Vol_VI_52_Premislia_Przemysl.jpg
360,12126741_Vol_VI_53_Zamosium_Zamosc,Vol_VI,Zamosc (Poland),1,no,yes,no,plan_birdseye,yes,Zamosc,not_reviewed_assumed_city_view,TRUE,340,128,399,1618,Vol VI (53) Zamosium (Zamosc).,12126741_Vol_VI_53_Zamosium_Zamosc.jpg
361,12126743_Vol_VI_54_Moscovia_Moscow,Vol_VI,Moscow (Russia),1,no,yes,no,plan_birdseye,yes,Moscow,detailed_city_view,TRUE,3847,3608,3560,1618,Vol VI (54) Moscovia (Moscow).,12126743_Vol_VI_54_Moscovia_Moscow.jpg
362,12126745_Vol_VI_55_Patavium_Padua,Vol_VI,Padua (Italy),1,no,yes,no,plan_birdseye,yes,Padua,not_reviewed_assumed_city_view,TRUE,1498,1264,1448,1618,Vol VI (55) Patavium (Padua).,12126745_Vol_VI_55_Patavium_Padua.jpg
363,12126747_Vol_VI_56_Novara,Vol_VI,Novara (Italy),1,no,yes,no,plan_birdseye,yes,Novara,not_reviewed_assumed_city_view,TRUE,399,326,435,1618,Vol VI (56) Novara.,12126747_Vol_VI_56_Novara.jpg
364,12126749_Vol_VI_57_Tricaricum_Tricarico,Vol_VI,Tricarico (Italy),1,no,partly,no,oblique_distant,with caution,Tricarico,not_reviewed_assumed_city_view,TRUE,505,382,686,1618,Vol VI (57) Tricaricum (Tricarico).,12126749_Vol_VI_57_Tricaricum_Tricarico.jpg
365,12126751_Vol_VI_58_Prospectus_Freti_Siculi_Messina,Vol_VI,Messina (Italy),0,n/a,n/a,yes,landscape,no,"Strait of Messina prospect; landscape, Messina tiny",partial_city_view,TRUE,288,221,359,1618,Vol VI (58) Prospectus Freti Siculi (Messina).,12126751_Vol_VI_58_Prospectus_Freti_Siculi_Messina.jpg
